id	title	link	excerpt	content
11609	YEE External Aquarium Filter Wall-Mounted Fish tank Filter Hob Filter for Aquarium	https://yeeaquarium.com/product/ultimate-filter/	Removes Oil Film — Rapid Water Clarification Deep Water Purification & Beneficial Bacteria Cultivation One-Touch Cleaning & Waste Discharge	
11564	Smart Floor-Standing Aquarium with Sump Filtration Cabinet	https://yeeaquarium.com/product/smart-floor-standing-aquarium-with-cabinet/	Touch & Remote Control Concealed Bottom Filtration Ultra-clear glass fish tank Modern Side Table Design	
11405	YEE Wholesale Hang On Aquarium Waterfall Filter	https://yeeaquarium.com/product/yee-wholesale-hang-on-aquarium-waterfall-filter/	Multi-Layer Filtration System Quiet Waterfall Flow Easy Hang-On Installation Simple Maintenance Design	
11391	YEE wholesale nitrifying bacteria bio bricks	https://yeeaquarium.com/product/yee-wholesale-nitrifying-bacteria-bio-bricks/	High Porosity Bio Structure Strong Bacteria Cultivation High-Temperature Sintered Long-Term Water Stability	
11366	Cheralm aquarium ceramic balls Ceramic filter material	https://yeeaquarium.com/product/cheralm-aquarium-ceramic-balls-ceramic-filter-material/	High Porosity Structure Enhanced Biofiltration Durable Ceramic Media Reusable & Long-Lasting	
11351	YEE wholesale turtle aquarium heater	https://yeeaquarium.com/product/yee-wholesale-turtle-aquarium-heater/	Stable Heating Output Waterproof Submersible Design Adjustable Temperature Control Enhanced Safety Structure	
11317	Cleen Turtle Bath with Ramp Tortoise Feeding Dish	https://yeeaquarium.com/product/cleen-turtle-bath-with-ramp-tortoise-feeding-dish/	Built-In Access Ramp Shallow & Stable Base Anti-Slip Surface Easy to Clean	
11300	Cleen ledge background Reptile enclosure background panel	https://yeeaquarium.com/product/cleen-ledge-background-reptile-enclosure-background-panel/	Realistic Texture PU Waterproof Material Easy to Cut & Fit Simple to Clean	
11286	YEE wholesale small animal Hamster hiding house	https://yeeaquarium.com/product/yee-wholesale-small-animal-hamster-hiding-house/	Semi-Enclosed Hideout One-Touch Opening Clear Viewing Window Easy to Clean	
11266	YEE wholesale bird supplies Parrot slow feeder mat	https://yeeaquarium.com/product/yee-wholesale-bird-supplies-parrot-slow-feeder-mat/	Slow Feeding Design Foraging Enrichment Bird-Safe Material Easy to Clean	
11252	YEE Hamster teeth-grinding treats	https://yeeaquarium.com/product/yee-hamster-teeth-grinding-treats/	Teeth-Grinding Function Natural Ingredients Snack & Toy Combo Hanging Enrichment Design	
11236	YEE bird cage Parrot bathroom	https://yeeaquarium.com/product/yee-bird-cage-parrot-bathroom/	Large Bathing Space Semi-Transparent Design Dual-Use Bath & Feeder Easy to Clean Structure	
11221	YEE water feeder bottle Parrot water dispenser	https://yeeaquarium.com/product/parrot-water-dispenser-pin-type-no-refill-bird-drinking-bottle/	Pin-Type Auto Dispensing Long-Lasting Water Supply Leak-Proof Design Height Adjustable	
11206	Yee hamster habitat Hamster bathroom	https://yeeaquarium.com/product/yee-hamster-habitat-hamster-bathroom/	Open-Top Design Large Inner Space Anti-Splash Protection Easy to Clean	
11191	YEE Gerbil Hamster Water Bottle	https://yeeaquarium.com/product/yee-gerbil-hamster-water-bottle/	Large Drinking Outlet Leak-Proof Steel Nozzle Stable Wide Base Easy to Clean	
11176	YEE parakeet bird feeder cockatiel Bird food bowl	https://yeeaquarium.com/product/yee-parakeet-bird-feeder-cockatiel-bird-food-bowl/	360° No-Spill Design Transparent Food View Double-Layer Reinforcement Easy to Clean	
11160	YEE Hamster Cage Hamster Bathroom	https://yeeaquarium.com/product/hamster-bathroom/	2-in-1 Bath & Toilet Transparent Visibility Large Inner Space Easy to Clean	
11135	YEE hamster enclosure Transparent hamster cage	https://yeeaquarium.com/product/transparent-hamster-cage/	High Transparency Design Large Living Space Excellent Ventilation Easy Cleaning Structure	
11095	YEE travel cage Portable hamster cage	https://yeeaquarium.com/product/portable-hamster-cage-hamster-supplies-wholesale/	Portable Travel Design 360° Ventilation Built-In Water Bottle Secure Magnetic Lock	
11081	YEE bathing tub Large Hangable Parakeet Bath for Cage	https://yeeaquarium.com/product/yee-bathing-tub-large-hangable-parakeet-bath-for-cage/	Transparent Splash Guard Spacious Bath Bowl Dual-Opening Design Easy Hanging Installation	
11064	YEE Wholesale Stackable Hamster Cage	https://yeeaquarium.com/product/stackable-hamster-cage/	Stackable Modular Design Multi-Level Expandable Layout High Transparency Panels Easy Cleaning Structure	
11045	YEE feeding bottle water dispenser Rabbit water bottle	https://yeeaquarium.com/product/feeding-bottle-water-dispenser-rabbit-water-bottle/	Anti-Bacterial Material Leak-Proof Automatic Flow Large Capacity Design Easy to Clean	
11029	YEE aquarium air stone Oxygen pump air diffuser	https://yeeaquarium.com/product/yee-aquarium-air-stone-oxygen-pump-air-diffuser/	Ultra-Fine Bubbles Stainless Steel Design High Air Diffusion Long-Lasting & Anti-Clog	
11015	YEE Bottom Suction Aquarium Submersible Pump	https://yeeaquarium.com/product/bottom-suction-aquarium-submersible-pump/	360° Bottom Suction Ultra-Low Water Level (4mm) Quiet & Stable Operation Dry-Run Protection	
11002	YEE Mini Magnetic Aquarium Cleaning Brush	https://yeeaquarium.com/product/mini-magnetic-aquarium-cleaning-brush/	Mini Size Design Strong N35 Magnet Scratch-Safe Cleaning Ergonomic Design	
10985	Cherlam Wholesale Battery Powered Air Pump Aquarium	https://yeeaquarium.com/product/battery-powered-air-pump-aquarium/	Battery Powered Backup Ultra-Quiet ≤35dB Strong Air Output Compact & Durable	
10967	YEE Digital Aquarium Thermometer	https://yeeaquarium.com/product/digital-aquarium-thermometer/	±0.1°C High Accuracy Clear Digital Display Wide 20–35°C Range Compact & Easy Installation	
10960	YEE Aquarium UV Sterilizer Submersible Lamp	https://yeeaquarium.com/product/yee-aquarium-uv-sterilizer/	UV-C sterilization for clearer aquarium water Helps reduce algae and harmful bacteria Fully submersible and waterproof design Safe for fish, plants, and bio filtration	
10877	CHERLAM External Aquarium Canister Filter Box	https://yeeaquarium.com/product/cherlam-external-aquarium-canister-filter/	Large capacity multi-layer filtration system External design saves aquarium space Quiet operation with stable water flow Easy maintenance and media replacement	
10854	CHERLAM Pro Digital Aquarium Heater with Controller	https://yeeaquarium.com/product/cherlam-pro-digital-aquarium-heater/	Digital controller with clear display Precise and stable temperature control Safe heating with multiple protections Suitable for freshwater aquariums	
10840	CHERLAM Mini Submersible Aquarium Heater Adjustable Temperature	https://yeeaquarium.com/product/cherlam-mini-submersible-aquarium-heater/	Precise adjustable temperature control Compact design for small aquariums Fully submersible and waterproof Safe heating with stable performance	
10824	CHERLAM Aquarium Surface Skimmer Oil Film Remover	https://yeeaquarium.com/product/cherlam-aquarium-surface-skimmer/	Removes surface oil film effectively 360° intake with automatic height control Ultra-quiet operation below 25 dB Compact design for planted aquariums	
10735	CHERLAM Hanging Full Spectrum Aquarium Plant Light	https://yeeaquarium.com/product/cherlam-hanging-full-spectrum-aquarium-plant-light/	Full spectrum light for plant growth Hanging design with adjustable height High color rendering for natural display Wide coverage for planted aquariums	
10720	CHERLAM Aquarium Waterfall Top Filter	https://yeeaquarium.com/product/cherlam-aquarium-waterfall-top-filter/	Wet media filtration for clear water Waterfall outlet boosts oxygen exchange Large capacity filter chamber design Adjustable flow with quiet operation	
10706	CHERLAM Submersible Aquarium Water Pump Ultra Quiet	https://yeeaquarium.com/product/cherlam-submersible-aquarium-water-pump/	Ultra-quiet operation below 30 dB Strong water flow with adjustable output Fully submersible and leak-resistant design Durable motor for long-term use	
10696	YEE Rechargeable Aquarium Oxygen Pump Long Battery Life	https://yeeaquarium.com/product/yee-rechargeable-aquarium-oxygen-pump/	Long battery life for extended oxygen supply Ultra-quiet operation for home aquariums Digital display for easy monitoring Portable design for emergency and transport use	
10677	YEE Lithium Battery Aquarium Oxygen Pump	https://yeeaquarium.com/product/yee-lithium-battery-aquarium-oxygen-pump/	Automatic battery backup during power outages Built-in rechargeable lithium battery Stable and quiet oxygen delivery Portable design for transport and emergency use	Reliable Oxygen Support for Aquariums The YEE Lithium Battery Aquarium Oxygen Pump is designed to provide stable and continuous aeration during power outages, emergencies, and fish transport. Oxygen loss is one of the most common causes of fish stress and mortality during unexpected situations. This pump helps reduce that risk by delivering reliable airflow when it is needed most.
10625	Cleen LED UVB Reptile Light with Full Spectrum Control	https://yeeaquarium.com/product/cleen-uvb-reptile-light/	Simulates natural sunlight for healthy reptiles Delivers stable UVB for strong bones and calcium absorption Energy-saving bulb with long service life Easy to install and safe for most terrariums	The CLEEN UVB Reptile Light delivers stable full-spectrum lighting for reptiles and amphibians. It combines UVB, UVA, and visible light to support natural basking behavior and proper calcium absorption. With adjustable brightness, timer control, and a quiet cooling system, this light fits a wide range of terrariums . Ideal for lizards, turtles, geckos, snakes, and other reptiles.
10485	YEE Aquarium Sponge Filter with Bio Media	https://yeeaquarium.com/product/yee-aquarium-sponge-filter-with-bio-media/	Dual mechanical and biological filtration Thickened high density sponge Air driven ultra quiet operation Modular design easy to disassemble and clean	The YEE Aquarium Sponge Filter with Bio Media provides efficient mechanical and biological filtration for freshwater aquariums. Its multi-layer sponge structure traps debris while protecting fry and shrimp from suction. The integrated bio-media chamber supports beneficial bacteria growth, helping stabilize water quality and reduce ammonia and nitrite levels. Designed for quiet operation and easy maintenance, this sponge filter is ideal for breeding tanks, shrimp tanks, betta tanks, and small community aquariums. Reliable Filtration for Healthy Aquariums The YEE Aquarium Sponge Filter with Bio Media offers safe and stable filtration for freshwater aquariums. It works especially well in fry ta
10466	YEE AC Inverter Aquarium Water Pump Adjustable Flow	https://yeeaquarium.com/product/yee-ac-inverter-aquarium-water-pump/	DC inverter motor with adjustable flow Energy-saving and ultra-quiet operation Ceramic shaft for long-lasting durability Suitable for fresh and marine aquariums	The YEE AC Inverter Aquarium Water Pump delivers powerful, energy-efficient water circulation with intelligent variable-frequency control. Designed for freshwater and marine systems, it offers adjustable flow rates to meet different filtration, circulation, and sump requirements. Built with a high-efficiency DC motor, ceramic shaft, and sealed waterproof structure, this pump ensures quiet operation, low heat output, and long service life. Ideal for fish tanks, reef aquariums, sumps, ponds, and protein skimmer systems where stable and reliable water flow is essential.
10249	YEE Factory Wholesale High-Quality Mini Aquarium Air Pump 4.4cm Ultra Quiet	https://yeeaquarium.com/product/yee-mini-aquarium-air-pump/	Ultra-quiet operation for small aquariums Compact 4.4cm design saves space Stable airflow with low power use Easy setup for nano and shrimp tanks	The YEE Mini Aquarium Air Pump delivers stable oxygenation in a compact 4.4cm body, designed for nano tanks and small aquariums. Powered by a 10W high-efficiency motor , it provides steady airflow with ultra-quiet performance. Featuring low energy consumption, durable housing, and easy installation, this air pump supports healthy oxygen levels for fish and plants without disturbing daily life. Ideal for small freshwater tanks, desktop aquariums, shrimp tanks, and breeding setups.
10231	YEE Factory Wholesale High-Quality Aquarium Oxygen Tablets for Fish Tanks	https://yeeaquarium.com/product/yee-aquarium-oxygen-tablets/	Fast oxygen release in just 3 seconds Improves fish breathing and reduces stress Safe, residue-free, no water clouding Ideal for transport and power outages	The YEE Aquarium Oxygen Tablets are designed to rapidly increase dissolved oxygen levels in fish tanks, providing emergency and daily oxygen support for aquatic life. Each tablet dissolves quickly, releasing fine oxygen bubbles that help fish breathe more easily and reduce stress during power outages, transport, high temperatures, or overcrowded conditions. Safe for freshwater and marine aquariums, these tablets leave no residue and do not cloud the water. Ideal for home aquariums, breeding tanks, fish transportation, and emergency oxygen supplementation.
10213	YEE Factory Wholesale High-Quality Full Spectrum Aquarium LED Light Bar for Planted Tanks	https://yeeaquarium.com/product/yee-full-spectrum-aquarium-led-light-bar/	7000K full spectrum for plant growth 92Ra high CRI, natural color rendering IP67 waterproof, safe and durable Non-flicker LEDs with low heat output	The YEE Full Spectrum Aquarium LED Light Bar is designed to deliver natural, vivid illumination for planted aquariums. With 7000K full-spectrum output , 92Ra high CRI , and non-flicker LED technology , it restores true plant and fish colors while promoting healthy photosynthesis. Built with IP67 waterproof protection , a slim aluminum body, and high-efficiency LED beads , this light bar offers stable performance, low heat generation, and long service life. Ideal for freshwater planted tanks, aquascaping displays, and professional aquarium setups.
10180	YEE Full Spectrum Aquarium Plant Light with Temperature Display	https://yeeaquarium.com/product/yee-full-spectrum-aquarium-plant-light-with-temperature-display/	7000K full spectrum for vivid plant growth 93Ra high CRI restores natural colors Built-in real-time temperature display Non-flicker LEDs with anti-glare design	The YEE Full Spectrum Aquarium Plant Light delivers true-to-nature illumination with 7000K color temperature and 93Ra high CRI for vibrant plant growth and accurate color rendering. Equipped with an integrated digital temperature display, it helps aquarists monitor tank conditions in real time while reducing extra equipment needs. Featuring anti-glare optics, non-flicker LED technology, and high-efficiency 42-LED light beads, this lamp ensures healthy plant photosynthesis and comfortable viewing. Suitable for planted tanks, nano aquariums, and home aquascapes.
10130	YEE Factory Wholesale High-Quality Aquarium Bio Filter Media Rings | Fast Nitrifying Ceramic Rings	https://yeeaquarium.com/product/yee-ceramic-bio-filter-media-rings/	Ultra-porous ceramic for fast bacteria growth Strong ammonia & nitrite removal power Safe, durable, long-term filtration media Fits canister, HOB, top, and sump filters	The YEE Bio Filter Media Rings are designed to boost water purification efficiency with an upgraded porous structure that promotes rapid bacterial colonization. Made from high-density ceramic material, each ring features countless micro-pores that support strong nitrifying bacteria growth, helping quickly convert harmful ammonia and nitrite into stable, safe nitrate. These rings offer three-stage filtration —mechanical trapping, biological cultivation, and deep purification—ideal for freshwater and marine aquariums. Suitable for canister filters, hang-on-back filters, top filters, and sump systems, they improve water clarity, reduce odor, and stabilize tank conditions. Perfect for planted ta
9998	YEE Factory Wholesale High-Quality Sponge Filter for Aquarium	https://yeeaquarium.com/product/yee-factory-wholesale-high-quality-sponge-filter-for-aquarium/	No-pump design with built-in water motor 150-day fine sponge for strong debris capture 220ml dual-color bio-media filtration Safe for fry, shrimp, and small fish	The YEE No-Air-Pump Sponge Filter provides quiet, efficient, and safe filtration for freshwater and marine aquariums. It uses a built-in water pump instead of an air pump, creating strong circulation with low noise. The 150-day fine-pore sponge captures debris while protecting small fish, shrimp, and fry from being sucked in. Its 220ml dual-color biochemical media chambers enhance biological filtration, helping stabilize water quality and support beneficial bacteria. With an upgraded motor, triple-layer filtration, and easy-to-clean modular design, this sponge filter is ideal for breeding tanks, shrimp tanks, betta setups, and small community aquariums.
9968	YEE Factory Wholesale High-Quality Bird Brooder Heater with Adjustable Thermostat	https://yeeaquarium.com/product/yee-bird-brooder-heater-adjustable-thermostat/	Smart 20–35°C precise temperature control Safe PTC heating with overheat protection Flexible mounting for most bird cages Quiet, stable heat for baby birds	The YEE Bird Brooder Heater is designed for baby birds, small parrots, breeding boxes, and bird recovery environments. Featuring a 20–35°C adjustable thermostat , this heater delivers stable and intelligent temperature control. The PTC ceramic heating core ensures fast heating, low energy consumption, and safe automatic temperature regulation. Made with flame-retardant ABS , it supports multiple installation methods including wall-mounting or flat placement—perfect for a variety of bird cages and brooders.
9927	YEE Smart Acrylic Betta Fish Tank	https://yeeaquarium.com/product/smart-acrylic-betta-fish-tank/	Built-in 3-Layer Filter System Smart LED Lighting with Timer Crystal-Clear Acrylic Design Compact & Quiet	The YEE Smart Acrylic Betta Fish Tank is a premium aquarium solution designed specifically for betta fish keepers who value modern design, ease of use, and long-term durability. Crafted from high-quality acrylic material , this smart betta fish tank delivers superior clarity compared to traditional glass aquariums, allowing you to enjoy a crystal-clear view of your fish from every angle. Acrylic is also lighter and more impact-resistant, making it a safer and more practical choice for everyday use. This smart acrylic betta fish tank features a thoughtfully designed built-in filtration system that helps maintain clean and healthy water conditions with minimal effort. Gentle water flow is idea
9892	YEE Submersible Water Pump for Fish Tank – Quiet & Powerful	https://yeeaquarium.com/product/yee-submersible-water-pump-for-fish-tank/	Suitable for freshwater and seawater use IPX8 waterproof Curved blade rotor Removable connector	The YEE Submersible Water Pump for Fish Tank delivers reliable, quiet, and powerful water circulation for both freshwater and saltwater aquariums. It uses advanced motor technology to achieve high efficiency while keeping noise levels low. This makes it an excellent choice for home aquariums, hydroponic systems, and small ponds. YEE builds this submersible water pump with durable ABS material to ensure long-term performance and safe operation. The compact design allows easy installation and flexible placement inside the tank. By improving water movement, the pump helps increase oxygen levels and maintain clear, healthy water. This aquarium water pump includes adjustable flow control, giving 
9762	Natural Sisal Chew Ball for Rabbits – Grinding Toy & Enrichment Ball for Bunny Dental Health	https://yeeaquarium.com/product/rabbit-sisal-chew-bal/	Wear-resistant and scratch-resistant Natural sisal Inverted V-shaped triangle structure	🐰 Natural Sisal Chew Ball for Rabbits – Keep Teeth Healthy & Minds Happy Rabbits have teeth that never stop growing, which makes chewing essential for their health. Our sisal chew ball for rabbits is designed to satisfy your bunny’s natural chewing instincts while also providing play and enrichment. 🦷 Why Do Rabbits Need Chew Toys? Chewing isn’t a bad habit — it’s a biological necessity . Without enough things to gnaw on, rabbits can develop dental issues or resort to chewing cages, wires, or plastic. A natural rabbit grinding toy like this ball helps: Prevent overgrown teeth Reduce destructive chewing behavior Provide stress relief and boredom reduction Encourage play and curiosity 🌿 Featur
9746	Premium High‑Fiber Rabbit Food — Healthy Pellets for Adult & Young Rabbits	https://yeeaquarium.com/product/premium-high-fiber-rabbit-food/	Dual patented strains Spruce fiber mesh 7 herbal blends 22 nutritional formulas	🥕 Why High‑Fiber Rabbit Food Matters Rabbits are hindgut fermenters , which means their diet must be very high in fiber for proper digestion. A good rabbit food formula provides 20–30% crude fiber and balanced protein to support gut health and dental wear. Many rabbit owners search for “ high fiber rabbit pellets ” or “rabbit food with probiotics” when they want to avoid digestive issues. Using the right formula helps reduce GI stasis and ensures longer, healthier life for your bunny. 🌿 Key Features & Nutritional Highlights High fiber content (e.g. 24% crude fiber) to support digestive function Moderate protein (not excessive) to maintain lean body condition Added vitamins & minerals for ove
9731	Premium Wooden Bird Nest Box – Natural Wood Nesting House for Parrots, Budgies, Cockatiels & Small Birds	https://yeeaquarium.com/product/premium-wooden-bird-nest-box/	Stainless steel bottom screen 9mm solid wood panel	🐦 Natural Wooden Bird Nest Box for Parrots & Small Birds Introduce your feathered friends to a cozy and safe home with our wooden bird nest box . Crafted from natural wood, this bird nesting box is ideal for parrots, budgies, cockatiels, lovebirds, and other small cage birds. Its sturdy construction and thoughtful design make it perfect for breeding, roosting, or sleeping. 🌳 Material & Design Highlights Natural wood construction — breathable, non-toxic, and safe for birds Removable lid or front panel for easy cleaning and egg inspection Ventilation holes to maintain airflow and prevent humidity buildup Mounting brackets or screw holes to install inside cages or aviaries Smooth edges & safe i
9717	Parrot Specialized Pellets – 4 Breeder Formulas for Peafowl, Budgie, Cockatiel & Sun Conure	https://yeeaquarium.com/product/parrot-specialized-pellets-4-formulas/	Contains 8% bee pollen 5 kinds of vegetables For hair and skin	🦜 Specialized Pellets for Parrot Varieties Feed your feathered friends with care using our parrot specialized pellets , crafted for four popular species: Peafowl (牡丹), Budgie / Parakeet (虎皮), Cockatiel (玄凤), Sun Conure (小太阳) . Each formula addresses the unique nutritional needs of that species, ensuring optimal health, vibrant feathers, and balanced energy. 🌿 Why Use Species-Specific Parrot Food? Different parrots have different dietary needs. For example, budgies require a different calcium-to-phosphorus ratio versus conures. Industry-leading parrot brands emphasize formulated pellet diets as the best way to ensure complete nutrition without selective eating. ([turn0search1] Harrison’s Bird
9695	Leak‑Proof Hamster Water Bottle – Small Animal Drinking Dispenser with Mounting Bracket	https://yeeaquarium.com/product/hamster-water-bottle-leak-proof-dispenser/	Touch-to-dispense water Freely adjustable Drip-proof and leak-proof Cleans with one flush	💧 Reliable & Leak‑Proof Hamster Water Bottle Keep your little furry buddy hydrated with confidence using our hamster water bottle . Designed to prevent leaks and dripping, this small animal water dispenser ensures the cage stays dry and clean. Easy to refill, simple to clean, and built to last — it’s a must-have for any hamster owner. 🔧 Key Features & Design Highlights Leak-proof nozzle with ball‑bearing design prevents dripping Mounting bracket included — fits wire cages or glass terrariums Durable materials — BPA-free plastic / stainless steel nozzle Easy to fill and clean with wide-mouth design Compact size — suitable for hamsters, mice, gerbils, and other small pets These features make i
9678	Premium Hamster Food Bucket 400g — Four Formula Options: Duck & Pear, Probiotic, Balanced Calcium, Fish Oil	https://yeeaquarium.com/product/hamster-food-bucket-400g-duck-pear-probiotic/	Duck and Pear Heat-Reducing Recipe Added 6 vitamins Infused with 5 herbs Sugar content: Only 8.78%	🐹 Premium Hamster Food Bucket — 400g of Nutrition Our hamster food bucket (400g) offers four carefully crafted formulas to meet different health needs of your pet hamster. Each variant is made with premium ingredients to support growth, digestion, bone health, and coat condition. This bucket-style packaging is convenient, airtight, and easy to store. 🍗 Four Specialized Formula Options Duck & Pear Formula — lean protein from duck with pear fiber for digestion Probiotic Formula — includes live probiotics to support gut flora and nutrient absorption Balanced Calcium Formula — enriched with calcium to support bone strength and development Fish Oil Formula — with omega‑3 from fish oil to promote 
9665	YEE Premium Freeze-Dried Meat Snacks for Pets	https://yeeaquarium.com/product/premium-freeze-dried-meat-snacks-pets/	-40°C air-freezing process Effective for both teeth cleaning and grinding Freeze-dried whole meat Purely natural, no additives	🥩 Pure Meat Freeze-Dried Snacks for Dogs & Cats Treat your pets with our freeze-dried meat snacks — a selection of pure meat, single-ingredient treats made without additives. Whether your dog or cat prefers cod, chicken, duck, or salmon , we have a bite they’ll adore. These treats are ideal for training, rewarding, or simply giving your pet something we call “real food fun.” 🌟 Why Choose Freeze-Dried Meat Treats? Freeze-dried processing preserves nearly all nutrients and flavor, while removing moisture to extend shelf life. Because of minimal processing, your pets enjoy high-quality recipes without preservatives or fillers. In fact, the freeze-dried pet food market is expanding rapidly, refl
9647	YEE Grain-Free High-Protein Dog Food – Real Chicken & Duck	https://yeeaquarium.com/product/high-protein-grain-free-dog-food-chicken-duck/	Freeze-dried chicken floss + freeze-dried egg yolk 30 billion probiotics Fresh meat enzymatic hydrolysis Multiple hair-beautifying ingredients	🍖 High-Protein, Grain-Free Dog Food with Real Chicken, Duck & Beef This premium grain-free dog food delivers powerful nutrition through a meat-first recipe. Made with 63% real animal protein including chicken, duck, beef, and chicken liver, it’s packed with nutrients that support lean muscle, shiny coats, and strong immunity. Ideal for adult dogs, seniors, and even picky eaters, this formula is both delicious and gentle on sensitive stomachs. 🧬 Ingredients Breakdown 30% fresh chicken for high-quality lean protein 20% duck – rich in iron and flavor 9% beef for essential amino acids 4% chicken liver – a natural source of vitamins A, D, and iron 5% fresh fruits & vegetables including pumpkin fo
9626	Mojo High-Protein Freeze-Dried Cat Snacks	https://yeeaquarium.com/product/mojo-freeze-dried-snack-high-protein-for-cats/	Sandwich wrapping process Fully traceable 6K irradiation Beautiful, long-lasting fur	
9610	YEE High Protein Fresh Meat Cat Food	https://yeeaquarium.com/product/yee-high-protein-fresh-meat-cat-food/	86.5% high protein Freeze-dried chicken floss + freeze-dried egg yolk Fresh meat enzymatic hydrolysis process Multiple hair-beautifying ingredients	
9590	Jurassic Reptile Decor Set — T‑Rex Skull Landscape + Dinosaur Footprint Water Bowl for Terrariums	https://yeeaquarium.com/product/jurassic-reptile-decor-set-skull-footprint-bowl/	Tyrannosaurus Rex Landscaping Hideout Tyrannosaurus Rex Food Bowl Food-grade resin Washable paint	🦖 Jurassic Reptile Decor for Skull Hiding & Water Dish Add a touch of the Jurassic era to your terrarium with our Jurassic reptile decor set , which includes a T‑Rex skull hide and a dinosaur footprint water bowl . These two pieces create a thematic landscape that doubles as functional reptile accessories—perfect for snakes, geckos, lizards, and small turtles. 🏺 Features of the T‑Rex Skull Hide & Footprint Bowl Realistic T‑Rex Skull Design — the skull is crafted from safe resin with hollow chambers and entrances, serving as a hide or cave for your reptiles Dinosaur Footprint Water Bowl — designed in the shape of a fossilized track, this bowl is ideal for drinking and soaking Safe and Durable
9569	High Output UVB Reptile Lamp for Snakes, Lizards & Turtles	https://yeeaquarium.com/product/high-output-uvb-reptile-lamp/	🦎 High Output UVB Reptile Lamp for Lizards, Snakes, and Turtles Our UVB reptile lamp provides essential lighting for reptiles that require exposure to ultraviolet B rays in captivity. This high-output UVB light supports vitamin D3 synthesis, which aids calcium absorption and helps prevent metabolic bone disease in your reptiles. 💡 Why Do Reptiles Need […]	🦎 High Output UVB Reptile Lamp for Lizards, Snakes, and Turtles Our UVB reptile lamp provides essential lighting for reptiles that require exposure to ultraviolet B rays in captivity. This high-output UVB light supports vitamin D3 synthesis, which aids calcium absorption and helps prevent metabolic bone disease in your reptiles. 💡 Why Do Reptiles Need UVB Light? In their natural habitat, reptiles like bearded dragons , leopard geckos , and tortoises are exposed to sunlight, which includes UVB rays. Without proper UVB lighting , reptiles may suffer from health problems including weak bones and poor appetite. This reptile UVB light replicates the sun’s natural rays and provides your pets with 
9534	Reptile Food – Nutrient Rich Meat Paste for Snakes, Geckos & Lizards	https://yeeaquarium.com/product/high-protein-reptile-food/	No mixing required, just squeeze out and feed. High protein / Complete nutritional formula Suitable for reptiles such as snakes, lizards, and geckos Reduces feed residue / Easy to digest	
9511	Modular Breeder Rack for Reptiles – Stackable & Ventilated Multi‑Tier Enclosure	https://yeeaquarium.com/product/modular-reptile-breeding-rack/	Easy disassembly Hammer-free installation Aluminum alloy Food-grade PP material	Modular Reptile Breeding Rack – Stackable Ventilated Rack System
9497	Cleen wholesale bearded dragon Glass Reptile Terrarium	https://yeeaquarium.com/product/glass-reptile-terrarium-snakes-geckos/	Durable Ventilated Glass Enclosure Suitable for Various Reptiles: Snakes, Lizards, and Geckos Easy to Clean & Maintain Reptile Habitat	
9086	Metal Aquarium Heater	https://yeeaquarium.com/product/metal-aquarium-heater/	External thermostat LED real-time temperature display Automatic constant temperature 11.2cm metal housing	Metal aquarium heater, external independent temperature control, independent module is safer, LED real-time temperature display, temperature at a glance, unique appearance design, automatic constant temperature and power saving to protect fish, dedicated for small tanks, as low as 3cm
9058	Mini Plastic Desktop Mini Fish Tank	https://yeeaquarium.com/product/mini-plastic-desktop-mini-fish-tank/	Patented exterior design Three-color adjustable lighting Split lid Used entirely in PP+PS	Mini desktop plastic fish tank, patented appearance design, hidden light stand, streamlined modular design to avoid cumbersome. One-piece molded tank body, long-term use without yellowing, the whole body is made of ABS + PS material
9027	Electric Aquarium Gravel Cleaner	https://yeeaquarium.com/product/electric-aquarium-gravel-cleaner/	15KPA strong suction 1.3M enhanced length Full body detachable for cleaning Low water level suction, adjustable	15KPA strong suction, multiple functions, complete water change and cleaning, sand washing artifact, no trouble changing sand, 1.3m long, easy to handle large fish tanks, detachable motor, tool-free disassembly and cleaning, low water level mode, adjustable rain mode Water Changer
9010	Micro Pellets Small Fish Food	https://yeeaquarium.com/product/micro-pellets-small-fish-food/	0.5mm micro particles 50% high protein Safety 0 additives Adopt anti-turbid water technology	High-quality small fish feed, 0.6mm micro-particles, 50% high protein, safe and 0 additives, using anti-muddy water technology, will not pollute the fish tank
3779	Wholesale Mini Fish Tank Spotlight	https://yeeaquarium.com/product/mini-fish-tank-spotlight/	Smartphone App Control with Timer Function Powerful Lamp Beads for Comprehensive Illumination Efficient Heat Dissipation for Stable Performance Flexible Zoom and Dimming Options	
3781	Full Spectrum LED Lights	https://yeeaquarium.com/product/full-spectrum-led-lights/	Ultra-wide Angle Vision, Enjoying a High-definition Viewing Experience Natural True Colors Precise Ratio for Lamps, Revitalizing the Vitality of Aquatic Plants Innovative Heat Dissipation, Building Long-lasting Durability Super Protection, Free from Worry about Waterproof and Moisture-proof Stable Light, Caring for the Viewing Experience Flexible Bracket, Adapting to Various Fish Tank Sizes	
3751	Adjustable Fish Tank Light	https://yeeaquarium.com/product/adjustable-fish-tank-light/	Adjustable Lighting Angle 120° Wide-Angle Illumination High-Brightness 2835 LED Beads Energy Saving and Power Saving IP44 Waterproof Design	Adjustable Lighting Angle The adjustable water plant lamp stands out with its unique feature of a 30° adjustable lighting angle. While there are many aquarium lights in the market, this one offers a level of flexibility that can accompany you from being a novice fish keeper to an expert in the field. It allows you to precisely direct the light where it’s needed most in the aquarium, creating the perfect lighting environment for your aquatic life. 120° Wide-Angle Illumination Combined with a 120° wide-angle design, this lamp provides extensive coverage. The 120° wide-angle, together with the 30° adjustable angle, significantly increases the irradiation area, ensuring that every corner of the 
8938	MINI USB Aquarium Clamp Light	https://yeeaquarium.com/product/mini-usb-aquarium-clamp-light/	8000K color temperature Three colors adjustable 10 levels of adjustment Independent switch	
8917	15g micro pellets fish food	https://yeeaquarium.com/product/15g-micro-pellets-fish-food/	40% high protein Authoritative organization testing Full range of five formulas No powdering when soaked in water	40% high protein, no need to worry about soaking, no powdering in water, safe to use, tested by authoritative organizations, produced in our own factory
8890	Wholesale Fish Tank And Stand Combo	https://yeeaquarium.com/product/wholesale-fish-tank-and-stand-combo/	Integrated double-layer dry and wet separation box 2CM ultra-narrow overflow, invisible water level line Large space filtration, 70% filter chamber ratio Ultra-clear glass ≥91% light transmittance	50*50CM golden ratio, 360° transparent vision, professional ecological filtration system, large space filtration, 70% filter chamber ratio, integrated double-layer dry and wet separation box, 2cm ultra-narrow overflow, invisible water level design
8841	YEE Wholesale Fish Food Capsule	https://yeeaquarium.com/product/yee-wholesale-fish-food-capsule/	0 additives 42% protein Spirulina + brine shrimp formula Can be attached to the fish tank wall	YEE Fish Food Capsule,Spirulina Patch and Brine Shrimp Formula can be used together to better enhance the color of fish body
8810	Desktop Ultra-Clear Glass Fish Tank	https://yeeaquarium.com/product/desktop-ultra-clear-glass-fish-tank/	Integrated floating base fish tank UHA ultra-clear glass, light transmittance 91.3% Suspended structure, light and stable Glass thickness 5mm	Integrated floating base fish tank, golden ratio cutting, 45° edge grinding, German black glue 0 bubble glue
8686	YEE Aquarium Filter Box Turnover Box	https://yeeaquarium.com/product/yee-aquarium-filter-box-turnover-box/	Integrated anti-overflow port Integrated reinforcement ribs Integrated open-mold rain shower pipe First-layer translucent design	YEE Aquarium Filter Box Turnover Box,Compared with the first generation, the accessories are reduced by 60%, integrated anti-overflow port, integrated reinforcement ribs, integrated molded rain shower pipe, and the first layer is translucent.
8608	Yee Wholesale Liquid State Nitrifier	https://yeeaquarium.com/product/yee-wholesale-liquid-state-nitrifier/	Maintain water quality Effective in 36 hours Removes ammonia and chlorine Decomposes feces	Yee Wholesale Liquid State Nitrifier，Biological live bacteria, decompose feces, take effect in 36 hours, improve intestinal tract, remove ammonia and chlorine, active bacteria, maintain water quality filling
8563	YEE Wholesale Intelligent Automatic Fish Feeder	https://yeeaquarium.com/product/yee-wholesale-intelligent-automatic-fish-feeder/	Suitable for all kinds of fish feed Four-fold freshness protection Three-point anti-grain stuck design Can expand capacity bin	YEE wholesale intelligent automatic fish feeder, suitable for any fish food, 180 days of long battery life, 500ml large capacity, 3 precise food delivery rods
8562	YEE Wholesale Aquarium Canister Filter	https://yeeaquarium.com/product/yee-wholesale-aquarium-canister-filter/	Multiple filtrations Built-in UV sterilizer Four-level noise reduction Low-resistance ceramic axis	Multiple filtration, built-in UV sterilization lamp, 400 cycles per day, 1800L/h high flow, 4-layer noise reduction in the barrel, 25dB bedroom-level silent experience
8492	YEE Wholesale Automatic Fish Feeder	https://yeeaquarium.com/product/yee-wholesale-automatic-fish-feeder/	Automatic feeding Large screen digital display 200ml large grain storage	
8470	YEE Wholesale Desktop Side Filter Aquarium	https://yeeaquarium.com/product/yee-wholesale-desktop-side-filter-aquarium/	Integrated filtration 3640cm³ large filter chamber 3MM sewage suction port 1:3 circulation filtration 91% low iron glass	Integrated filter, made of low-iron glass, light transmittance ≥ 91%, 3640cm³ large filter chamber, 1:3 cycle filtration, 3MM sewage outlet, 3D light and shadow atmosphere lamp
8144	YEE Wholesale EU/US Plug Aquarium MINI Filter	https://yeeaquarium.com/product/eu-us-plug-aquarium-mini-filter/	Circulating filter impurities Quickly provide oxygencontent in water Effective biochemicalcultivation of nitrifyingbacteria Exquisite workmanship,silent noise reduction	YEE wholesale EU/US Plug aquarium mini filter, 5 in 1 multi-function fish tank filter
8129	YEE Wholesale Aquarium Protein Cotton	https://yeeaquarium.com/product/yee-wholesale-aquarium-protein-cotton/	Raw materials Absorb yellow water Adjust pH Reuse	YEE wholesale protein cotton, removes yellowing and odor, physical adsorption, purifies water without hurting fish
8100	YEE Wholesale Antarctic Krill	https://yeeaquarium.com/product/antarctic-krill/	Natural color enhancement, rich in astaxanthin Protein ingredients, 50% protein ingredients Rich in 18 kinds of amino acids, synergistically supplement nutrition and promote growth Naturally free of shrimp guns, effectively reducing gastrointestinal trauma of fish	YEE wholesales Antarctic krill, a high-quality food for turtles and fish, originates from the deep sea of ​​Antarctica, a gift from nature.
8081	YEE Wholesale Aquarium Soil	https://yeeaquarium.com/product/yee-wholesale-aquarium-soil/	High fertility without muddy water High-quality volcanic mud, long-lasting fertility release High-tech sintering, low-temperature firing, no powdering 3-pass screening without cleaning, UV sterilization	YEE wholesale aquarium soil, containing organic + mineral nutrients, can provide lasting fertility. High temperature sintering, low temperature firing, no differentiation and more durable
7693	YEE Wholesale Customized Barrel Butterfly Carp Feed	https://yeeaquarium.com/product/yee-wholesale-customized-barrel-butterfly-carp-feed/	Balances intestinal flora Naturally whitens plasticity Maintains clear water quality Strong palatability	YEE wholesale customized barreled butterfly carp feed, balance intestinal flora, natural whitening plasticity, maintain clear water quality, strong palatability
7677	YEE Wholesale Butterfly Carp Fish Food	https://yeeaquarium.com/product/butterfly-carp-feed/	Protein up to 44% Sufficient astaxanthin Specially added spirulina Specially added prebiotics	YEE wholesale butterfly carp fish food, protein up to 44%, sufficient astaxanthin, special addition of spirulina and prebiotics ish
7657	YEE Wholesale Aquarium Glue-Free Filter Cotton	https://yeeaquarium.com/product/yee-wholesale-aquarium-glue-free-filter-cotton/	Resistant to crushing and washing Honeycomb pores 5-layer filtration No glue, 0 additives	YEE wholesale aquarium glue-free filter cotton, composite glue-free filter cotton, good toughness, can be cut arbitrarily without shedding
7639	YEE Wholesale Aquarium Glass Heater	https://yeeaquarium.com/product/yee-wholesale-aquarium-glass-heater/	Step heating Constant temperature intelligent control Explosion-proof and scalding-proof Even heating	This is a super stable, precise temperature control, fish tank heating rod made of quartz glass
7617	YEE Wholesale Turtle Tank Heater	https://yeeaquarium.com/product/yee-wholesale-turtle-tank-heater/	External temperature control Real-time temperature display 2.5cm ultra-low water level Over-temperature protection	YEE wholesale turtle tank heater, dual system temperature control, accurate temperature, real-time temperature display, ultra-low water level, over-temperature protection
7567	YEE Wholesale Aquarium Titanium Sheet Heater	https://yeeaquarium.com/product/yee-wholesale-aquarium-titanium-sheet-heater/	Aviation-grade titanium alloy Dual temperature probes Real-time variable power Power off when out of water	YEE wholesale aquarium titanium sheet heater,safe and energy-saving, made of aviation-grade titanium alloy, variable frequency heating rod
7550	YEE Wholesale Mini Aquarium Heater	https://yeeaquarium.com/product/yee-wholesale-mini-aquarium-heater/	Over-temperature protection, ultra-low water level Intelligent temperature control to avoid dry burning Energy saving and power saving, simple maintenance	YEE Wholesale Mini Aquarium Heater,360° heat circulation, 8.2cm mini length, thermal conductivity up to 98%, real-time heating when plugged in, intelligent anti-dry burning protection, over-temperature power off, intelligent temperature control technology, error as low as 1°C
7530	YEE Wholesale Mini Fish Tank Heater	https://yeeaquarium.com/product/yee-wholesale-mini-fish-tank-heater/	Designed for small fish tanks Automatic constant temperature 26℃ 90% are heating elements IP68 waterproof, 360° fully sealed with glue Extra hard glass, safe and explosion-proof	YEE wholesale mini aquarium heater, automatic constant temperature 26℃, 90% are heating body, plug in real time heating, using strong thermal conductivity, high hardness quartz glass, explosion-proof and non-oxidation
7455	YEE Wholesale Fish Tank Water Pump	https://yeeaquarium.com/product/yee-wholesale-fish-tank-water-pump-2/	Centrifugal shaft blades, directional rotation, reduce resistance Physical adjustment to accurately control flow All-copper motor ceramic shaft Voltage design, 5-level noise reduction	YEE Wholesale Fish Tank Water Pump，Physical adjustment can control the flow more accurately, 270° circular suction of fish feces, using the centrifugal force of the water pump, the same power has a larger flow, the volute design is adopted, and 5 layers of noise reduction. The dual combination of the all-copper motor and the ceramic shaft core has a longer service life
7438	YEE Wholesale Fish Tank Water Pump	https://yeeaquarium.com/product/yee-wholesale-fish-tank-water-pump/	Controllable flow Quiet operation Copper core motor Sealed cavity	YEE Wholesale Fish Tank Water Pump, corrosion-resistant ceramic shaft, strong suction, fish feces can be easily sucked away
7422	YEE Wholesale Aquarium Variable Speed Water Pump	https://yeeaquarium.com/product/yee-wholesale-aquarium-variable-speed-water-pump/	3MM rotor housing, 5MM noise reduction housing Sine wave variable frequency motor Low resistance ceramic shaft Enclosed water impeller	Yee Aquarium Variable Speed Pump，15000L large flow, quick-release switch, 1cm ultra-low suction, use it to clean the bottom of your fish tank
7406	YEE Wholesale Aquarium Submersible Pump	https://yeeaquarium.com/product/yee-wholesale-aquarium-submersible-pump/	360° all-round bottom suction water level address 3MM Flow rate can be manually adjusted ultra-quiet operation, multiple noise protection	YEE wholesale aquarium submersible pump, 360° all-round bottom suction, water level address 3MM, flow rate can be manually adjusted, ultra-quiet operation and multiple noise protection
7384	YEE Wholesale Fish Pond Aerator	https://yeeaquarium.com/product/yee-wholesale-fish-pond-aerator/	Intelligent frequency conversion 10-speed adjustment Intelligent touch control Rainproof and waterproof	Fish Pond Aerator, 10-speed adjustment, large battery capacity. Thickened shell, sealed with glue, all-copper motor, drop-resistant and waterproof.
7363	YEE Wholesale Fish Tank Aquarium Air Pumps	https://yeeaquarium.com/product/yee-wholesale-fish-tank-aquarium-air-pumps/	8-level noise reduction technology 4L ultra-large air volume 2 knobs to independently control air volume	Yapai fish tank aquarium air pumps, double-layer double shell true noise reduction, eight-layer noise reduction technology, adaptive balanced air chamber
7345	YEE Wholesale Mini Lithium Aquarium Battery Oxygen Pump	https://yeeaquarium.com/product/yee-wholesale-mini-lithium-aquarium-battery-oxygen-pump/	6000mAh large capacity, no oxygen shortage for 48 hours Don’t panic when the power goes out, it will restart automatically in seconds 133g, easy to carry All-copper motor, noise reduction at the source	YEE mini lithium aquarium battery oxygen pump, 6000mah strong storage capacity, 102 hours continuous, no oxygen shortage
7322	YEE Wholesale Aquarium Lithium Battery Oxygen Pump	https://yeeaquarium.com/product/yee-wholesale-aquarium-lithium-battery-oxygen-pump/	109h ultra-long battery life Waterproof design Auto-start after power failure Intermittent mode	YEE lithium battery oxygen pump, 109h ultra-long battery life, 6000mah lithium-ion polymer battery, multiple waterproof designs, source noise reduction, power-off automatic restart
7289	YEE Wholesale Brine Shrimp Eggs And Fish Food	https://yeeaquarium.com/product/yee-wholesale-brine-shrimp-eggs-and-fish-food/	Ultra-fine eggs, as fine as 0.1mm ≥50% high-quality protein nutrition Cleanly shelled, easy to digest and absorb 0 additives, no burden for young fish to eat	99% pure shrimp eggs, 68% meat protein, helps to increase body and color, new technology, no muddy water, no oil spray, slow decomposition, contains probiotics, easy to eat, easy to digest and easy to absorb
7276	YEE Wholesale Tropical Fish Flakes Fish Food	https://yeeaquarium.com/product/yee-wholesale-tropical-fish-flakes-fish-food/	Balanced nutrition to meet daily needs Fresh ingredients, healthy and 0 additives Scientific ratio for easier absorption	Tropical fish flakes, four major advantages, rich nutrition, easy to absorb, easy to store, fresh ingredients
7263	YEE Wholesale Small Fish Protein Fish Food	https://yeeaquarium.com/product/yee-wholesale-small-fish-protein-fish-food/	Animal protein, nourishes the body and promotes growth Astaxanthin, naturally enhances color Spirulina, protects the intestines Deep-sea fish oil, helps growth	Protein fish food for small fish, animal protein, growth promotion, astaxanthin, natural color enhancement, spirulina, intestinal protection, deep sea fish oil, growth promotion
7243	YEE Wholesale Koi Fish Food	https://yeeaquarium.com/product/yee-wholesale-koi-fish-food/	40% high-quality protein International three-standard certification Not afraid of soaking in water or powdering	International triple standard, 40% high protein, not afraid of soaking in water, not powdering
7225	YEE Wholesale Small Fish Feed	https://yeeaquarium.com/product/yee-wholesale-small-fish-feed/	0 additives, healthy fish food Exclusive mold, press to release food Can be used with YEE automatic feeder	
7206	YEE Wholesale Brine Shrimp Eggs	https://yeeaquarium.com/product/yee-wholesale-brine-shrimp-eggs/	98% pure shrimp eggs Rich in protein Natural raw materials, nutritious and healthy	98% pure shrimp eggs, rich in nutrition, eat directly, promote the growth of young fish
7184	YEE Wholesale Goldfish Fish Food	https://yeeaquarium.com/product/yee-wholesale-goldfish-fish-food/	45% protein content 10% astaxanthin for color enhancement Added 2 million fish probiotics Advanced dual-axis design production, no powdering for 24 hours	45% high protein, spirulina is easier to absorb, and probiotics regulate the stomach and intestines
7170	YEE Wholesale Saltwater Fish Food	https://yeeaquarium.com/product/yee-wholesale-saltwater-fish-food/	Fish protein, high nutritional value High-quality raw materials, balanced diet Astaxanthin + Spirulina doubles the color Slow-sinking type, specializing in foraging habits	Slow sinking fish food for marine fish, fish protein, high nutritional value, specially developed for marine fish
7102	YEE Aquarium Wall Mounted Filter	https://yeeaquarium.com/product/yee-aquarium-wall-mounted-filter/	Circulation filtration, progressive water inlet Suspended on both sides of the fish tank Quiet operation as low as 20 decibels Waterfall-style water outlet, good oxygenation effect	Circulation filtration, progressive water inlet, double-sided suspension inside and outside the fish tank, silent operation as low as 20 decibels
7087	YEE Wholesale Aquarium Magic Carpet Filter Cotton	https://yeeaquarium.com/product/yee-wholesale-aquarium-magic-carpet-filter-cotton/	Bionic cashmere, fine filtration magic carpet 1mm mesh physical filtration, fine cashmere biochemical culture High water permeability, washable, no glue and five toxins, double-effect filtration	Bionic cashmere, fine filtration magic carpet 1mm mesh physical filtration, fine cashmere biochemical culture High water permeability, washable, no glue and five toxins, double-effect filtration
7076	YEE Wholesale Aquarium Non-Glue Filter Cotton	https://yeeaquarium.com/product/yee-wholesale-aquarium-non-glue-filter-cotton/	Bionic coral layer provides a breeding ground for nitrifying bacteria Absorbs impurities and removes odors, giving you clear water High-density fiber and fine pores inside bionic corals can cultivate bacteria immediately High-temperature hot-melt process, natural fit, 0 additives	yee composite glue-free filter cotton, resistant to setbacks and washable, honeycomb pores, 5-layer filtration, no glue and 0 additives 4-layer filtration + honeycomb layer design, quickly filter fish feces and magazines, and easily make the tank clean in 2 hours
7052	YEE Wholesale Aquarium Ceramic Rings	https://yeeaquarium.com/product/yee-wholesale-aquarium-ceramic-rings/	Tourmaline powder formula produces far infrared, highly efficient water purification, and releases trace elements Added activated carbon, strongly absorbs fishy odor and impurities Ultra-micropores, mini design, super large bacterial cultivation surface, triple bacterial cultivation effect	Large bacterial cultivation area, produces far infrared, releases negative ions, purifies water quality 1200℃ ultra-high temperature firing, no powdering, no residue falling Neutral filter material does not affect water quality PH
7037	YEE Wholesale 6 In 1 Aquarium Filter Materials	https://yeeaquarium.com/product/yee-wholesale-6-in-1-aquarium-filter-materials/	Balanced water quality PH value, selected 6 kinds of filter materials, golden ratio Ultra-microporous surface layer structure, adsorption and filtration of impurities, three times improved Full adsorption, completely solve the problem of turbid water Neutral filter material, 0 pollution, no harm to fish	6 IN 1 Aquarium Filter Materials Purify water, quickly cultivate bacteria, remove odor, and enhance color Full adsorption to completely solve the problem of turbid water
7022	YEE Wholesale Aquarium Filter Cotton	https://yeeaquarium.com/product/yee-wholesale-aquarium-filter-cotton/	Water penetration rate increased by 400%, pollution filtration increased by 300% 0 spray glue 0 formaldehyde 0 whitening agent Micron-grade filter cotton, fine filtration without water blockage	Micron-grade filter cotton, fine filtration without water blocking Water seepage filtration increased by 400%, and pollution filtration increased by 300%
6999	YEE Wholesale Desktop Fish Tank	https://yeeaquarium.com/product/yee-wholesale-desktop-fish-tank/	8K panoramic low-iron ultra-clear glass Oxygen enrichment, filtration, lighting, temperature sensing system One-touch switch to 3 lighting modes	8K full view, low iron glass, integrated design, light transmittance ≥ 91%, 20 high brightness LED lamp beads
6979	YEE Wholesale Colorful Large Fish Tank	https://yeeaquarium.com/product/yee-wholesale-colorful-large-fish-tank/	Jinjing ultra-white glass Professional-grade bottom filter Powerful sewage discharge system Dry and wet separation Multiple noise reduction and anti-backflow valves	YEE Colorful Series Stream Aquarium 1.Golden crystal ultra-white glass 2.Professional bottom filter 3.Powerful sewage system 4.Dry and wet separation 5.Multiple noise reduction 6.Anti-backflow valve、 Thickened waterproof ecological board, simple and classic shape
6860	YEE Wholesale Low Iron Glass Fish Tank With Light	https://yeeaquarium.com/product/yee-wholesale-low-iron-glass-fish-tank-with-light/	Scientific backflow, precise filtration 5-sided gold crystal glass, 91% light transmittance 0 bubbles during gluing to avoid cylinder explosion	YEE wholesale low iron glass fish tank >91% light transmittance, 5-sided low iron glass, 360° no dead angle viewing 45° mirror-grade edge grinding, both safe and beautiful
6843	YEE Wholesale 25W-150W PTC Aquarium Fish Tank Heater	https://yeeaquarium.com/product/yee-wholesale-25w-150w-ptc-aquarium-fish-tank-heater/	YEE 25W-150W PTC Aquarium Heater Separate temperature control, 0.1℃ accuracy, 360° circulating heat collection	YEE 25W-150W PTC Aquarium Heater Separate temperature control, 0.1℃ accuracy, 360° circulating heat collection
6840	YEE Wholesale 25W-35W Extra Hard Glass Aquarium Heater	https://yeeaquarium.com/product/yee-wholesale-25w-35w-extra-hard-glass-aquarium-heater/	YEE 25W-300W extra hard glass heating rod, safe and stable, over-temperature protection	YEE 25W-300W extra hard glass heating rod, safe and stable, over-temperature protection
6814	Yee US Plug 25W-500W Stainless Steel Aquarium Heater	https://yeeaquarium.com/product/yee-25w-500w-stainless-aquarium-heater/	YEE Aquarium Heater Bimetallic silver-plated contacts, temperature sensing and temperature control at the same time, fluctuation ≤ 0.5°C 90% are nickel-chromium alloy heating wires	YEE Aquarium Heater Bimetallic silver-plated contacts, temperature sensing and temperature control at the same time, fluctuation ≤ 0.5°C 90% are nickel-chromium alloy heating wires
6535	YEE Aquarium 5 in 1 Multi-function Built-in Filter	https://yeeaquarium.com/product/yee-aquarium-5-in-1-multi-function-built-in-filter/	YEE fish tank has a built-in filter, the fish tank can be clear without changing the water Multiple functions in one	YEE fish tank has a built-in filter, the fish tank can be clear without changing the water Multiple functions in one
6661	YEE Desktop Back Filter Fish Tank With Cover	https://yeeaquarium.com/product/yee-desktop-back-filter-fish-tank-with-cover/	Integrated Filter, Removable Top Cover, Extra Large Space	Integrated Filter, Removable Top Cover, Extra Large Space
6646	YEE Wholesale Desktop Back Filter Small Fish Tank	https://yeeaquarium.com/product/yee-wholesale-desktop-back-filter-small-fish-tank/	Integrated rear filter 5-sided low iron ultra-clear glass	Integrated rear filter 5-sided low iron ultra-clear glass
6358	Desktop Smart Fish Tank With Automatic Feeder	https://yeeaquarium.com/product/desktop-smart-fish-tank-with-automatic-feeder/	Low iron ultra-clear glass Dual filtration system Wet and dry separation 48h automatic feeder Automatic start and stop water pump	Self-developed water purification system, desktop smart fish tank
4962	Small Fish Tank With Filter	https://yeeaquarium.com/product/small-fish-tank-with-filter-2/	Five – Sided Ultra – White Glass with Excellent Transparency Exquisite Handmade Craftsmanship Hidden Side – Mounted Filtration Optimized Filtration Components Two Lighting Options	This small fish tank with filter is not just a fish tank; it’s a carefully crafted aquatic habitat that combines functionality, aesthetics, and durability. Choose it to create a beautiful and healthy living environment for your beloved fish. View more small fish tanks Five – Sided Ultra – White Glass with Excellent Transparency This small fish tank with filter is made of five – sided ultra – white glass with a light transmittance of 91%, aiming to perfectly restore the natural underwater ecosystem. Every move of the fish can be clearly observed, bringing you a vivid and immersive viewing experience.view more ultra white rimless fish tanks . Exquisite Handmade Craftsmanship Crafted by master 
4921	Brine Shrimp Fish Food	https://yeeaquarium.com/product/brine-shrimp-fish-food/	Carefully selected fairy shrimp rich in astaxanthin to promote the development and color enhancement of fish. Made from 100% natural ingredients, it can be pasted on the fish tank wall for feeding. The FD vacuum quick – freezing technology preserves the taste and texture of fairy shrimp. The protein content reaches 52.38%.	Our new – generation tablet fish food is made from natural ingredients and is less likely to cloud the water quality during feeding. Many aquarium enthusiasts love to buy tablet fish food because it has a certain ornamental value when attached to the fish tank. However, tablet fish food has a fatal problem – it is prone to causing water turbidity. Therefore, we have developed tablet fish food made from 100% natural raw materials, which effectively solves the problem of water turbidity caused by ingredients. We meticulously select high – quality brine shrimp as raw materials and carefully raise them with a variety of high – grade algae throughout the process. The brine shrimp cultivated in th
4904	Tubifex Worms Fish Food	https://yeeaquarium.com/product/tubifex-worms-fish-food/	It is composed of 120 bloodworms, and the protein content reaches 60.49%. Made from 100% natural ingredients, it can be pasted on the fish tank wall for feeding. The FD vacuum quick – freezing technology preserves the taste and texture of bloodworms. It is suitable for almost all kinds of fish.	Our new – generation tablet fish food is made from natural ingredients and is less likely to cloud the water quality during feeding. Many aquarium enthusiasts love to buy tablet fish food because it has a certain ornamental value when attached to the fish tank. However, tablet fish food has a fatal problem – it is prone to causing water turbidity. Therefore, we have developed tablet fish food made from 100% natural raw materials, which effectively solves the problem of water turbidity caused by ingredients. Each pellet of yee tubifex worms fish food is packed with an incredibly high level of nutrition. A single fish food pellet contains the essence equivalent to approximately 120 live tubife
3742	Wholesale Aquatic Plant Lights	https://yeeaquarium.com/product/wholesale-aquatic-plant-lights/	Excellent Heat Dissipation System, Protecting the Lifespan of Luminaires Triple High Brightness Enhancement, Illuminating the Underwater World Super Strong Waterproof Barrier, Resisting Water Vapor Erosion Sturdy and Durable Arms, Adapting to Diverse Scenarios Authoritative 3C Certification, Quality Worth Trusting	Excellent Heat Dissipation System, Protecting the Lifespan of Luminaires Professional aquatic plant lights adopt a combination of active and passive heat dissipation modes to create a full-range heat dissipation system. Its 360° annular fin-type heat dissipation structure is like putting a breathable armor on the luminaire, increasing the heat dissipation area; the top fan design accelerates air circulation and quickly takes away heat. The dual heat dissipation mechanisms work together to effectively prevent the aquatic plant light from burning out due to overheating, safeguarding the long-term and stable operation of the luminaire. Triple High Brightness Enhancement, Illuminating the Underw
3526	Yee Nitrifying Bacteria Dry Powder	https://yeeaquarium.com/product/yee-nitrifying-bacteria-dry-powder/	15 billion live bacteria for water purification -50℃ freeze-dried to keep alive 80% bacterial activity Purify water	1. -50℃ freeze-drying technology to maintain the activity of nitrifying bacteria dry powder Yee nitrifying bacteria dry powder products use advanced -50℃ freeze-drying technology. It enter a low-energy dormant state, which maximizes the activity of the strains.This technology ensures that the nitrifying bacteria can remain in good condition during storage and transportation. Ready to play a role in fish tank water purification at any time. 2. 15 billion bacteria, higher filtration efficiency Each bottle contains up to 15 billion bacteria, which is much larger than traditional liquid nitrifying bacteria. At the same time, it has high activity and dissolves in water in 3 seconds.In addition, i
3399	Quiet Fish Tank Air Pump Wholesale	https://yeeaquarium.com/product/quiet-fish-tank-air-pump-wholesale/	Strong air volume, not afraid of water depth. Suspended motor and anti-vibration pad design. Environmentally friendly ABS material shell. Electronic adjustment button, more accurate oxygen adjustment. Energy saving and power saving, environmentally friendly life.	Yee quiet fish tank air pump has the advantages of strong oxygen volume, upgraded anti-vibration pad, suspended motor, environmentally friendly ABS material, all-copper motor, etc. Please contact Yee auqarium pump manufacturer to get the first order discount! Strong air volume, not afraid of water depth Yee quiet fish tank air pump has a compact body and strong air volume. It can not only easily cope with various water depths, but also ensure sufficient oxygen supply. Its quick response and smooth braking characteristics make every oxygen increase precise and efficient. Suspended motor and anti-vibration pad design Yee air pump has made great efforts in quietness. It uses and the suspended m
3384	Fish Tank Silent Air Pump​ Whosale	https://yeeaquarium.com/product/fish-tank-silent-air-pump-whosale/	Low-noise operation Adjustable oxygen volume All-copper motor Integrated gas storage space High-frequency air pressure motor Double air chamber design Imported leather cup Silent technology upgraded again	Yee fish tank silent air pump​ is now offering wholesale services to customers . Whether you are an aquarium store owner or an individual hobbyist, you can get a first-order discount by professional fish tank water pump manufacturer–yee. Low-noise operation Firstly, the noise is less than 30dB, which is almost silent. Adjustable oxygen volume Secondly , It is also equipped with an adjustable oxygenation knob, allowing you to freely adjust the oxygenation. All-copper motor Thirdly, The all-copper core motor ensures the durability and stability of the product. Integrated gas storage space Fourthly , The integrated gas storage space design is more convenient for installation and maintenance. Hi
3368	Aquarium Protein Skimmer​ Wholesale	https://yeeaquarium.com/product/aquarium-protein-skimmer-wholesale/	Compact body, save space Trickle-type water discharge, disperse the oil film Automatically raise and lower the floating platform by 3cm without lowering the water level Bionic design, reduce clogging Adjustable water inlet and outlet Thickened shell and sound-absorbing pads	Yee Aquarium Protein Skimmer​ is now offering wholesale services to customers . Whether you are an aquarium store owner or an individual enthusiast, you can get a first-order discount by contacting us . Let this efficient and beautiful filter become your powerful assistant in creating a perfect a quarium environment! Compact body, save space It is a small aquarium protein skimmer. With it, the fish tank full of oil film is a thing of the past. Trickle-type water discharge, disperse the oil film Trickle-type water discharge pipe disperses the oil film. With 360° surround vortex water inlet. Designed for oil film removal. Automatically raise and lower the floating platform by 3cm without lower
3358	Top filter Wholesale	https://yeeaquarium.com/product/top-filter-wholesale/	Large capacity, efficient filtration Three-layer filtration, precise and efficient 3-in-1 functional submersible pump to create a perfect water environment Reserved storage space for germicidal lamps and heaters, convenient and practical	Yee top filter is providing wholesale services to customers. Whether you are an aquarium store owner or an individual enthusiast, you can get a first-order discount by contacting us . Let this efficient and beautiful filter become your powerful assistant in creating a perfect aquarium environment! Large capacity, efficient filtration The biggest highlight of Yee top filter is its 9800ml large filtration space. The large space ensures that the filter can easily cope with various impurities. Whether it is fish feces or other tiny particles, they can be effectively filtered. Three-layer filtration, precise and efficient In addition to the large filtration space, yee top filter also adopts three
3347	Fish Tank Submersible Water Pump Wholesale	https://yeeaquarium.com/product/fish-tank-submersible-water-pump-wholesale/	Circulation water purification, quickly achieve air tank. Increase dissolved oxygen and enhance fish vitality. Built-in oil film remover to maintain water quality cleanness. Large-capacity filter box, multi-functional in one. Silent operation. Energy saving and power saving, green and environmental protection.	Yee fish tank submersible water pump supports wholesale service. Please contact professional fish tank water pump manufacturer – yee to get the first order discount! Circulation water purification, quickly achieve air tank Yee fish tank submersible water pump has a strong circulation water purification ability. It reconstructs the suction system of the fuselage, which can easily absorb fish feces and impurities. In just 1 hour, you can see a significant improvement in water quality. After 4 hours, the clear effect of the air tank can be achieved. Increase dissolved oxygen and enhance fish vitality Yee fish tank submersible pump can also effectively increase the dissolved oxygen content in th
3335	Fish Tank Submersible Pump	https://yeeaquarium.com/product/fish-tank-submersible-pump/	Large flow and high lift design. Integrate three functions of oxygenation, wave making and pumping. Innovative ceramic shaft to improve durability. Sealed silencer cavity, enjoy low noise experience. With a germicidal lamp to ensure water quality safety. High-quality copper core motor, excellent performance.	Yee fish tank submersible pump integrates oxygenation, wave making and pumping. It has the advantages of large flow, high lift design, and corrosion-resistant ceramic shaft. It meets the diverse needs of fish tank maintenance.Contact professional fish tank submersible pump manufacturer ——yee to get first order discount! Large flow and high lift design Yee fish tank submersible pump has a large flow pumping capacity of 2000L/H. With high lift design, it can easily cope with various fish tank environments. Whether it is a large fish tank or a deep water area, it can achieve fast and uniform water circulation. Integrate three functions of oxygenation, wave making and pumping Yee pump not only h
3323	External Canister Filter Wholesale	https://yeeaquarium.com/product/external-canister-filter-wholesale/	Quadruple precision filtration, deep water purification 360° oil removal film to keep the water surface beautiful Removable structure, easier cleaning and maintenance UV sterilization lamp, inhibiting the growth of bacteria and algae Multiple water outlet modes to meet different needs	Yee external canister filter has the advantages of quadruple precision filtration and UV sterilization lamp, 360° oil removal film, multiple water outlet modes, and detachable structure. Please contact Yee filter manufacturer to get the first order discount! 1. Quadruple precision filtration, deep water purification Firstly, yee external canister filter adopts a quadruple precision filtration system. Through different levels of filter materials, impurities, organic matter and harmful substances in the water are effectively removed. 2. 360° oil removal film to keep the water surface beautiful Secondly, oil film is a common problem in fish tanks, which not only affects the appearance, but also
3310	Aquarium Plant Filter	https://yeeaquarium.com/product/aquarium-plant-filter/	Combining plant planting and fish farming Simulate the river ecosystem to create an ecological fish tank Simulate the filtering effect of natural waterfalls Automatic floating oil film remover Modular filter box forced filtration, more refined filtration effect Silent energy-saving high-power motor Anti-overflow design	Yee aquarium plant filter provides wholesale and customization services. Please contact professional fish tank filter supplier – yee to get a first order discount! 1. Combining plant planting and fish farming Yee aquarium plant filter is equipped with biochemical cotton that can filter and plant, combining the fun of breeding and planting. Fish and grass are raised together, while improving the ornamental value and creating ecology. 2. Simulate the river ecosystem to create an ecological fish tank Fish produce feces, and Yee aquarium plant filter adsorbs the feces on the biochemical cotton. It can filter impurities in the water and provide nutrients for plants. Plants can also release oxygen
3301	Round Aquarium Filter	https://yeeaquarium.com/product/round-aquarium-filter/	Progressive filtration, higher water purification efficiency. One-piece injection molding, not easy to leak and not easy to break. Large flow water pump, silent operation. Larger filter box, double filtration. Roller waterfall water outlet, increase the oxygen content in the water. Three anti-overflow design, safe and worry-free. Upgraded arc fixed structure, stable and firm.	Yee round aquarium filter, a fish tank filter designed for aquarium enthusiasts, creates a healthy living environment for your fish with its progressive filtration, curved water flow design and a variety of humanized functions. Please contact yee to get a first-order discount! Progressive filtration, higher water purification efficiency Yee round aquarium filter adopts a unique progressive filtration design, which effectively removes impurities in the fish tank through different levels of filtration materials. Users can freely match different filtration materials, such as activated carbon, biochemical cotton, etc., to meet the specific needs of different fish species. One-piece injection mol
3291	Aquarium Tank Filter	https://yeeaquarium.com/product/turtle-tank-filter/	Three-layer filtration, deep water purification. Waterfall-style water outlet design to increase the oxygen content of the water. Shock-absorbing fixing buckle, safe and stable and more intimate. High-quality energy-saving movement, energy saving and power saving. Bedroom-level silent design, quiet and far-reaching.	The Yee brand, a wholesale supplier of aquarium supplies , has launched the Yee Turtle Tank Filter, a professional turtle filter that combines efficient filtration, silent operation, energy saving and environmental protection. This filter is not only suitable for turtle tanks, but also for various small aquariums. Three-layer filtration, deep water purification Yee turtle tank filter uses three layers of filtration to ensure that the water quality is always clear and transparent. The first layer of high-density cotton filter layer can effectively filter out large particles of impurities in the water. The second layer of activated carbon filter layer uses its adsorption capacity to effectivel
3282	Hanging Filter Wholesale	https://yeeaquarium.com/product/hanging-filter-wholesale/	Double energy saving, silent operation 5-layer filtration and efficient water purification Adjustable water flow Automatic power off when no water Multi-angle water outlet to increase the oxygen content in the water	Yee, a professional fish tank filter manufacturer , has launched a new Hanging Filter. It integrates energy saving and silence, high-efficiency filtration, and intelligent adjustment. Create a perfect fish tank ecology for you. 5-layer filtration and efficient water purification Yee Hanging Filter adopts a 5-layer filtration system. Among them, the 2-layer biochemical filtration layer can efficiently cultivate beneficial bacteria and accelerate the water purification process. The 3-layer physical filtration layer is responsible for intercepting and removing fine impurities in the water to ensure clear and transparent water quality. This innovative design eliminates the need for frequent wate
3264	External Fish Tank Filter Wholesale	https://yeeaquarium.com/product/external-fish-tank-filter-wholesale/	Modular forced filtration ensures every drop of water is filtered. Triple filtration design, bacterial culture effect is more significant. Waterfall design, beautiful and increases oxygen content in water. Oil removal film device makes water cleaner. Anti-spill design, safe and worry-free.	Yee external fish tank filter adopts modular forced filtration design, built-in triple filter box and multiple user-friendly functions to protect the health of your fish tank. Please contact the fish tank filter manufacturer – yee to get the first order discount! Modular forced filtration ensures every drop of water is filtered Yee external fish tank filter adopts a unique modular forced filtration method. The filter directly introduces water into the internal sealed filter box, achieving efficient and fast filtration effects. Triple filtration design, bacterial culture effect is more significant The built-in triple filtration system of Yee external fish tank filter provides comprehensive pr
3251	Aquarium Filter With Pump Wholesale	https://yeeaquarium.com/product/aquarium-filter-with-pump-wholesale/	2594ml large-capacity filter tank, double the filtration effect 5-layer modular filtration, all-round water purification Forced fish feces collection, simplified maintenance work High-efficiency oil film removal device, say goodbye to water surface pollution Low-noise motor to create a quiet aquarium environment	Yee aquarium filter with pump has a 2594ml large-capacity filter tank and 5-layer modular filtration. Achieve efficient and comprehensive water purification. At the same time, it has forced fish feces collection and efficient oil removal membrane functions. It greatly simplifies daily maintenance. Please contact professional filter manufacturer-yee to get a first-order discount! 2594ml large-capacity filter tank, double the filtration effect Yee aquarium filter with pump has a built-in 2594ml large-capacity filter tank. Large capacity means more filter media, which can more effectively adsorb and remove impurities and harmful substances in the water. 5-layer modular filtration, all-round wat
3237	External Aquarium Filter Wholesale	https://yeeaquarium.com/product/external-aquarium-filter-wholesale/	Forced filtration design, deep water purification. Enlarge the filter chamber to help cultivate nitrifying bacteria. High-efficiency oil removal membrane device, say goodbye to water surface pollution. Auxiliary bacteria culture chamber, double guarantee of water quality. Adjustable water flow switch to meet personalized needs. Waterfall-style water outlet design to increase the oxygen content of the water flow. Built-in integrated filter box for convenient maintenance.	Yee external aquarium filter has selling points such as efficient multi-layer filtration, enlarged culture chamber, oil removal membrane device and adjustable water flow. Create a perfect water quality solution for the aquarium. Please contact professional fish tank manufacturer-yee to get a first-order discount! Forced filtration design Yee external aquarium filter adopts advanced forced filtration design. The forced filtration design ensures that impurities in the water flow must undergo multi-layer filtration. This design effectively solves the problem of incomplete filtration in traditional water intake methods. Make the water quality clearer and more transparent. Enlarged filter chamber
3223	Hang On Filter Wholesale	https://yeeaquarium.com/product/hang-on-filter-wholesale/	Multiple filter chamber design, flexible matching of filter materials Translucent design, beautiful and practical Internal and external suspension design, flexible installation Silent operation, enjoy tranquility Waterfall style water outlet, aesthetically pleasing with added oxygen Adjustable water pump to reduce filtering noise Three level adjustable hook, suitable for fish tanks of different sizes	Yee Hang On Filter: An efficient, aesthetically pleasing, and silent solution for fish tank filtration . It is crucial to choose a high-quality filter to ensure clear water quality and healthy fish in the fish tank. Yee’s filter features multiple filter compartments, a semi transparent appearance, flexible suspension, silent operation, waterfall style water outlet, adjustable water pump, and three-stage adjustable hooks. Bring new experience to your fish farming life. Multiple filter chamber design, flexible matching of filter materials Yee Hang On Filter adopts an innovative multi filter compartment design. Users can freely mix and match different types of filter materials. Whether it is co
3210	Internal Fish Tank Filter Wholesale	https://yeeaquarium.com/product/internal-fish-tank-filter-wholesale/	15kpa high suction motor Filter fish feces and quickly purify water Four fold filtration, efficient maintenance of water quality 25dB low noise operation, allowing you to sleep peacefully	Yee internal fish tank filter, an intelligent aquarium filter that integrates efficient purification and low-noise operation. This fish tank filter offers customization and wholesale services . Contact us for a first order discount! 15kpa high suction motor The Yee internal fish tank filter is equipped with a high-speed permanent magnet motor that rotates at 70000 rpm, achieving a 20% increase in power. Ensure strong and stable suction. Its built-in 35W motor, coupled with a 1500pa high suction design. It can easily absorb fish feces and impurities, keeping the aquarium clean and transparent. Filter fish feces and quickly purify water In just 19 minutes, the Yee filter can quickly complete a
3198	Yee Underwater Filter Wholesale	https://yeeaquarium.com/product/yee-underwater-filter-wholesale/	Double filtration design, efficient purification of water quality Energy saving and powerful High quality suction cups The outlet adopts a 360 ° rotating design Freely scalable drain pipe	Yee underwater filter is a high-performance and easy to maintain filter. This filter not only adopts a dual cultivation design, but also balances energy saving and operational convenience. Bring new experience to your fish farming life. Please contact the professional aquarium filter manufacturer – Yee for the first order discount! Double filtration design, efficient purification of water quality Yee’s underwater filter adopts a dual filtration design, combining the dual advantages of microporous sponge and detachable filter compartment. Micro porous sponge can effectively intercept large particles of impurities in water, such as residues and fish manure. At the same time, its delicate apert
1871	Sponge Filter Wholesale	https://yeeaquarium.com/product/sponge-filter-wholesale/	Double filtration, increased filtration area Rapid bacterial cultivation, worry-free water purification Match oxygen pumps at will, save worry and power Removable filter compartment, you can DIY filter materials at will Applicable to a variety of scenarios to meet diverse needs	Are you looking for a good sponge filter? Why not try the yee sponge filter. It integrates high-efficiency filtration, rapid bacterial cultivation, silent operation, and detachable design to efficiently maintain water quality. Please contact the professional aquarium filter manufacturer ——yee to get a first-order discount! Double filtration, increased filtration area Yee sponge filter adopts a double filtration design, with a detachable filter compartment at the bottom. This design can effectively intercept and precipitate residues to prevent them from polluting the water quality. At the same time, the microporous biochemical cotton filter layer has more folds, which increases the filtration
3173	Bio Sponge Filter Wholesale	https://yeeaquarium.com/product/bio-sponge-filter-wholesale/	Built-in new V-1 biochemical filter material to promote the reproduction of nitrifying bacteria Physical and biological dual filtration, more efficient water quality maintenance High-density nano air disc to increase oxygen content Increase the capacity of the filter chamber to meet various needs Silent operation, simple disassembly and installation, easy installation	Yee bio sponge filter is suitable for saltwater tanks, freshwater tanks and grass tanks. This filter combines the advantages of high-efficiency filtration, increased oxygen, bacterial cultivation, silent operation and convenient disassembly and assembly, bringing unprecedented ease and comfort to your aquarium life. Please contact the professional fish tank filter manufacturer-yee now to receive the first order discount! Built-in new V-1 biochemical filter material to promote the reproduction of nitrifying bacteria Yee bio sponge filter has built-in advanced V-1 biochemical filter material. This material can continuously roll under the action of the oxygen pump, effectively increasing the ox
1865	Internal Filter Wholesale	https://yeeaquarium.com/product/internal-filter-wholesale/	Stackable filter chambers Multi-function internal filter Bottom water inlet design Fish toilet collects feces Silent high-speed water pump Quickly purify water	Yee internal filter supports customization and wholesale services. Yee is a professional aquarium filter manufacturer . Contact us to get a discount for your first order. Stackable filter chambers Yee internal filter adopts a detachable design, you can add or remove filter chambers at will. At the same time, you can DIY various filter materials to achieve multiple cycles. The water quality is more stable. Multi-function internal filter Yee fish tank filter adopts a 360° full coverage feces suction design. Easily solve the problem of fish tank cleaning. At the same time, this aquarium filter also has multiple functions such as filtering, oxygenation, water purification, and wave making. Botto
2686	Trickle Filter Wholesale	https://yeeaquarium.com/product/trickle-filter-wholesale/	Wet-dry separation design Drawer-style sponge replacement 5-color gradient lighting Double silent protection Low water level trickle filter Multiple filtration Reinforced base	Yee trickle filter supports customization and wholesale services. Yee also offers various other types of filters for sale . Please contact us for first order discounts. Wet-dry separation design Yee trickle filter adopts wet-dry separation design. Wet-dry separation separates water from filter sponge. Prevents filtered water from being polluted again. Drawer-style sponge replacement Yee hang on back filter can replace filter sponge by opening the drawer. No need to disassemble filter parts, wet hands or power off to replace sponge . 5-color gradient lighting Yee trickle filter is equipped with 5 colors of gradient lighting, so you can watch fish at night. Double silent protection Yee waterfa
1889	Hang On Back Filter Wholesale	https://yeeaquarium.com/product/hang-on-back-filter-wholesale/	Multiple filtration Small and transparent shell Increase oxygen content Energy-saving water pump Segmented extension design, suitable for fish tanks of more sizes	Yee hang on back filter supports customization and wholesale services. Yee also offers various other types of filters for sale . Please contact us for first order discounts. Multiple filtration Yee hang on back filter performs triple filtration on the water. The first layer of Coarse filter sponge can filter large particles such as fish feces. The second layer of Fine Filter Sponge is responsible for adsorbing oily substances. The third layer of activated carbon filter cotton can quickly remove odors. Small and transparent shell Yee hang on back filter uses a transparent shell. You can observe the water quality in the filter at any time. Replace the filter material at any time. Increase oxyg
1861	Aquarium Fish Tank Filter Wholesale	https://yeeaquarium.com/product/aquarium-fish-tank-filter-wholesale/	Eddy current oil removal technology Larger filter compartment Multi-layer powerful filtration system Anti-overflow design	yee aquarium fish tank filter provides customized and wholesale services. Yee is a professional aquarium filter manufacturer . Contact us to get first order discount! Eddy current oil removal technology Firstly, yee aquarium fish tank filter adrops 360° super vortex technology can easily sweep and completely remove the stubborn oil film on the water surface. Larger filter compartment Yee aquarium filter has a large 50L filtration space, which can easily accommodate a variety of filter materials, whether it is activated carbon, ceramic rings or biochemical balls, they can be used freely. Multi-layer powerful filtration system Yee aquarium filter has physical, chemical and biological multi-lay
2641	Aquarium Planted Tank Light Wholesale	https://yeeaquarium.com/product/aquarium-planted-tank-light/	Extended lamp body Provide multiple size options 3900LM high lumen aquarium light 90.5RA high color rendering index 1100K color temperature fish tank light, more uniform spectrum distribution IP65 waterproof Thickness as thin as 1CM	Yee provides wholesale and custom services for aquarium planted tank light. We are a professional pet supplies manufacturing and lighting wholesale company. Contact u s to get a first order discount! Extended lamp body Firstly,we upgraded the length of the yee aquarium planted tank light. At the same time, the internal structure of the lamp was also modified to make the lamp thinner and brighter. Provide multiple size options Secondly, yee aquarium provides multiple sizes from 18-60cm to choose from. It can be adapted to most aquarium sizes on the market. 3900LM high lumen aquarium light At the same time, our led light cai uses high-quality high-brightness lamp beads with a lumen of 3900LM. 
2630	LED Light For Aquarium Supply	https://yeeaquarium.com/product/led-light-for-aquarium-supply/	Four spectrums to choose from LED light for aquarium cooling fan 360° annular fin heat dissipation design Hollow-out design for forced heat dissipation 7cm diameter focusing lens 360° rotatable lamp head	Yee led light for aquarium provides wholesale and customized services. Contact us to get a first order discount! Yee is an aquarium supplies manufacturing company and fish tank light wholesale supplier. We can provide a variety of aquarium products customized services. Four spectrums to choose from Yee LED light for aquarium has four ratios of spectrum to choose from. Each spectrum is based on scientific light distribution principles and is designed to meet the needs of different scenarios. Full spectrum mixed white light mode simulates sunlight. Blue-white light mode makes plants and fish more colorful. Algae growth mode can promote algae photosynthesis. LED light for aquarium cooling fan Y
2614	Planted Aquarium Lighting Wholesale	https://yeeaquarium.com/product/planted-aquarium-lighting/	Aluminum alloy ring fin heat dissipation grass tank lamp shade High-speed cooling fan 49 high-brightness lamp beads Convex lens aquarium light lamp beads IP67 waterproof design of lamp surface 304 aluminum alloy aquarium light stand 3C certification, quality guaranteed	Yee planted aquarium lighting provides wholesale and customized services. Contact us to get a first order discount! Yee is an aquarium supplies manufacturing company and fish tank light wholesale supplier. We can provide a variety of aquarium products customized services. Aluminum alloy ring fin heat dissipation shade In the first place,the shell of yee planted aquarium lighting is made of ring fin aluminum alloy. The ring fin heat dissipation structure can increase the heat dissipation area. Effectively improve the heat dissipation performance of the aluminum alloy lampshade. Prevent lamp burning. High-speed cooling fan Secondly,yee planted aquarium lighting has a built-in high-speed coolin
2595	Aquarium Fish Tank Light Manufacturer	https://yeeaquarium.com/product/aquarium-fish-tank-light-manufacturer/	High-quality heat dissipation aluminum alloy shell Professional COB aquarium fish tank light lamp beads 3 types of lights to choose from 360° lamp head selection 91.2 high color rendering aquarium fish tank light High-concentration scale design	Yee aquarium fish tank light provides wholesale and customized services. Contact us to get a first order discount! Yee is an aquarium supplies manufacturing company and fish tank light wholesale supplier. We can provide a variety of aquarium products customized services. High-quality heat dissipation aluminum alloy shell Firstly, the shell of yee aquarium light is made of high-quality aluminum alloy material. It is not only high-end, but also can improve the heat dissipation performance of full-spectrum fish tank lights. Thereby extending the service life of aquarium light. Professional COB aquarium fish tank light lamp beads Secondly, yee aquarium light uses professional COB aquarium-specif
2580	Wholesale UV Light For Fish Tank	https://yeeaquarium.com/product/wholesale-uv-light-for-fish-tank/	Amphibious uv light for fish tank UV-C sterilization Intelligent timing, adjust the sterilization time at will Explosion-proof quartz glass tube Light-shielding shell to prevent light leakage Durable filament IP67 sealing and waterproof With two specifications of connectors, matching most water pipes	Yee uv light for fish tank provides wholesale and customization services . Please contact us for first order discounts! Amphibious uv light for fish tank Firstly,yee fish tank uv light can be placed in water or outside the water. In diving mode, place the uv light directly where the water flows. Avoid irradiating animals, plants and humans. In external mode, a smooth and impermeable cover is required to prevent light from spilling out. The water pump draws water into the hose, and the water in the hose flows through the uv light. Thus achieving a sterilization effect. UV-C sterilization Secondly,yee aquarium uv light uses UV-C ultraviolet light to destroy the DNA structure of bacteria and al
2566	Wholesale Aquarium LED Light	https://yeeaquarium.com/product/wholesale-aquarium-led-light/	3-speed color adjustment. Constant current power supply mode, no flicker. Four rows of high-brightness lamp beads. High transmittance lampshade. 78.21 high color rendering index. All-round aquarium lighting. A variety of sizes to choose from.	Yee aquarium led light provides wholesale and customization services . Please contact us for first order discounts! 3-speed color adjustment Yee led light has 3 colors of blue, white and red that can be adjusted. You can choose different colors according to different environments. Constant current power supply mode, no flicker Yee led light adopts constant current power supply mode, and the voltage output is stable. No matter how you adjust the brightness, it will not flicker. Effectively reduce visual fatigue. Four rows of high-brightness lamp beads Yee fish tank led light uses four rows of encrypted high-brightness 5730 lamp beads as the light source. The carefully adjusted light combinati
2553	Wholesale Full Spectrum Led Light	https://yeeaquarium.com/product/wholesale-full-spectrum-led-light-2/	91RA high color rendering index full spectrum led light Golden ratio lamp beads Mini program intelligent control Dimming frequency can reach up to 15KHZ Glue-filled sealed lamp beads Yee full spectrum led light product parameters	Yee full spectrum led light provides wholesale services. Yee is a well-known manufacturer and wholesale supplier of aquarium supplies and fish tank lights . Please contact us for first order discounts! 91RA high color rendering index full spectrum led light Yee full spectrum aquarium light has a high color rendering index of 91RA. It can truly restore the color of aquatic plants. At the same time, we have carefully optimized the spectrum of full spectrum white light. This increases the maximum luminous flux of the lamp by about 30%. Provide more sufficient light energy for the growth of aquatic plants. Golden ratio lamp beads The lamp beads of yee full spectrum fish tank lamp all follow the 
2364	Wholesale Led Aquarium Light	https://yeeaquarium.com/product/wholesale-led-aquarium-light/	Golden ratio lamp bead ratio, simulated sunlight Upgraded hard oxidation process, ultra-thin design High-quality 5730 lamp beads, brightness exceeds 3600Lm Color rendering index up to 92Ra, professional lighting adjustment 11000K color temperature full coverage, restore the true color of organisms IP67 deep waterproof, safe and worry-free Optimized light source, eye protection without screen flicker	Yee led aquarium light supports wholesale and customized services. Yee is a professional fish tank sterilizer manufacturer and wholesale supplier. Please contact us to get your first order discount! Golden ratio lamp bead ratio, simulated sunlight Yee led aquarium light adopts golden ratio lamp bead ratio, carefully simulating the natural spectrum of sunlight. This ratio not only promotes the full photosynthesis of aquatic plants, but also effectively increases the oxygen content in the water. Upgraded hard oxidation process, ultra-thin design Yee led aquarium light adopts advanced upgraded hard oxidation process. The thickness of the lamp body is as thin as 6mm. Not only is the appearance m
2351	Wholesale Led Fish Tank Lights	https://yeeaquarium.com/product/wholesale-led-fish-tank-lights/	Yee led fish tank lights, convex lens lamp bead design High color rendering index, simulates natural light effect 11000K high-definition and translucent, restoring the true colors of living things Ultra-thin design, beautiful and fashionable Integrated sealing, IP45 waterproof and worry-free Shark fin heat dissipation design, efficient heat dissipation and guaranteed performance High frequency output, reducing flicker and glare	Yee led fish tank lights supports wholesale and customized services. Yee is a professional fish tank sterilizer manufacturer and wholesale supplier . Please contact us to get your first order discount! Yee led fish tank lights, convex lens lamp bead design Yee aquarium light adopts advanced convex lens lamp bead design. The convex lens lamp beads not only make the light illumination more three-dimensional, but also significantly expand the coverage area. High color rendering index, simulates natural light effect Yee led fish tank lights have a high color rendering index of 90.6. It can accurately simulate the natural light environment, making the colors of the creatures in the fish tank more
2335	Wholesale Aquarium UV Sterilizer	https://yeeaquarium.com/product/wholesale-aquarium-uv-sterilizer/	UVD band ultraviolet rays, excellent sterilization effect Quickly remove green algae and maintain clear water quality Dual working mode, flexible response to different needs Intelligent timing design, scientific and effective sterilization Suitable for both freshwater and seawater, widely compatible and worry-free	Yee aquarium uv sterilizer supports wholesale and customized services. Yee is a professional fish tank sterilizer manufacturer and wholesale supplier . Please contact us to get your first order discount! UVD band ultraviolet rays, excellent sterilization effect Yee aquarium uv sterilizer uses advanced UVD band ultraviolet technology, and its sterilization effect is more significant. UVD ultraviolet light can deeply destroy the DNA structure of bacteria and viruses, effectively preventing their replication and reproduction. Create a cleaner and healthier living environment for the aquarium. Quickly remove green algae and maintain clear water quality Yee aquarium uv sterilizer can also quickly
2307	Wholesale Planted Aquarium Lighting	https://yeeaquarium.com/product/wholesale-planted-aquarium-lighting/	Independent power supply design, convenient and safe High-brightness LED lamp beads, restore natural colors Stable light to avoid flicker interference 360° no dead angle adjustment, flexible lighting All-aluminum turbine blades for heat dissipation, extending service life Available in black and white, personalized customization	Yee planted aquarium lighting supports customization and wholesale. Yee conducts extensive wholesale business . It is able to provide bulk supply services of various models of fish tank lights to major dealers and retailers. Independent power supply design, convenient and safe Yee planted aquarium lighting adopts an innovative independent power switch design. Avoid potential damage to the equipment caused by frequent plugging and unplugging of the power supply. High-brightness LED lamp beads, restore natural colors Equipped with high-brightness LED lamp beads, yee planted aquarium lighting can accurately restore the natural colors in the tank. Let the colorful aquatic plants and ornamental f
2295	Wholesale Clip On Fish Tank Light	https://yeeaquarium.com/product/wholesale-clip-on-fish-tank-light/	Hose support, all-round adjustment Five rows of high-brightness 5730 lamp beads, stable light ws of high-brightness 5730 lamp beads, stable light Optimize lamp bead load and extend service life High color rendering index, restore natural colors Acrylic shell, waterproof and sealed design Independent external switch, convenient operation	Yee clip on fish tank light supports wholesale and customization. Please contact us to get the first order Zekou discount! Hose support, all-round adjustment Yee clip on fish tank light adopts hose support design. It supports 360° arbitrary angle adjustment to ensure that the light can accurately cover every corner of the fish tank. Five rows of high-brightness 5730 lamp beads, stable light Yee fish tank lights have five rows of high-brightness 5730 lamp beads built in, providing stable and uniform light output. This effectively avoids flickering and reduces the visual fatigue of viewers. It can also promote the photosynthesis of aquatic plants and create a healthier growth environment for f
2280	Wholesale Fish Tank Lights	https://yeeaquarium.com/product/wholesale-fish-tank-lights/	Wide-angle illumination design Double-row high-brightness lamp beads Three lighting modes Professional RGB adjustment Aluminum alloy heat dissipation design IP67 waterproof body IC constant current power supply mode	Yee fish tank lights provide wholesale and customized services. And wholesale other bulk accessories for a fish tank . Wide-angle illumination design Yee fish tank lights adopts 240° wide-angle design. This design can make the light illuminate every corner of the fish tank without dead angle. Light for fish tank built-in double row of high brightness lamp beads Yee fish tank lamp is equipped with double-row high-brightness 5730 lamp beads with double density. Through the scientific R+RGB light source lamp bead ratio. Not only the light intensity is increased, but also the fish color is effectively enhanced. Yee fish tank lights has three lighting modes In order to meet the viewing needs of d
2264	Wholesale 250 Gallon Fish Tank	https://yeeaquarium.com/product/wholesale-250-gallon-fish-tank/	Ultra-white glass 250-gallon fish tank &amp Right-angle overflow technology Wet-dry separation filtration system Healthy and environmentally friendly bottom cabinet High-standard production process	YEE 250 Gallon Fish Tank provides comprehensive wholesale services and personalized customization options. It can meet the diverse needs of different customers. Contact u s to get the first order discount! Ultra-white glass 250 gallon fish tank Yee fish tank uses high-quality ultra-white glass material with strong light transmittance. Excellent viewing effect. Right-angle overflow technology The fish tank adopts right-angle overflow technology, which is a safe and silent way of water flow management. Through the gap between the high-level baffle and the low-level baffle, the water flow is circulated by the siphon principle. This can quickly clean the feces in the tank. At the same time, it a
1875	HOB Trickle Filter Wholesale	https://yeeaquarium.com/product/hob-trickle-filter-wholesale/	Disadvantages of traditional fish tank filters HOB Trickle filter is more suitable for small fish tanks Can be hung inside and outside the fish tank Less than 20 decibels, silent operation Waterfall-style water outlet, better oxygenation effect	What is the best hang-on filter for an small aquarium? Yee HOB Trickle Filter is specially designed for small fish tanks. It has multiple filter compartments, and you can freely choose the filter material you like. Equipped with a large-flow water pump to quickly suck away fish feces from the bottom of the fish tank. Now Yee filters provide wholesale and customized services , please contact us to get the first order discount! Disadvantages of traditional fish tank filters First of all, there are many fish tank filters available on the market, but few are really suitable for small fish tanks. Traditional hanging filters have only one filter compartment, and the filtering effect is poor. The u
1859	Large Glass Fish Tank	https://yeeaquarium.com/product/large-glass-fish-tank/	Three styles for you to choose Efficient large fish tank filtration system Bionic wave-making system Large glass fish tank dedicated fish toilet Professional fish tank ultra-white glass Top glass reinforcement treatment All-aluminum alloy frame	We provide wholesale and customization services for yee large glass fish tank. Please contact us for first-order discounts. The main advantages of this large glass fish tank are: 1. It is carefully made of ultra-white glass. 2. The bottom is equipped with a sturdy all-aluminum alloy frame cabinet. 3. The bionic circulation wave-making system can simulate the natural water wave circulation inside the fish tank. 4. Humanized design, support one-click sewage discharge. Three styles for you to choose firstly, yee large glass fish tank is available in three colors: rosewood, birch, and cherry red. With exquisite wood grain design, it is calm and elegant. Efficient large fish tank filtration syste
1848	Fish Tank With Stand	https://yeeaquarium.com/product/fish-tank-with-stand/	3 color options The fish tank is made of waterproof material and is durable Ultra-clear glass fish tank with bracket The filter system of the fish tank adopts a dry-wet separation design Yee fish tank with bracket adopts spiral drainage design Duckbill outlet, more flexible drainage Fish toilet device, easy to clean feces	The yee fish tank with stand has 3 color options, high-quality waterproof material, ultra-clear glass field of view, efficient dry-wet separation filtration system, silent spiral drainage design, flexible duckbill outlet and convenient fish toilet cleaning device. It is an ideal home decoration that combines beauty, practicality and convenience. It not only adds vitality to your home space, but also makes fish farming easy and pleasant. 3 color options The yee fish tank with stand is available in three colors: blue, white and gray. Each color represents a different attitude towards life. Blue represents tranquility, white symbolizes purity, and gray reveals stability, adding a touch of livel
1810	Landscape Aquarium	https://yeeaquarium.com/product/landscape-aquarium-yee/	Selected fish tank landscaping materials Ultra-clear glass landscape aquarium Integrated fish tank light design High-efficiency silent filter	The yee landscape aquarium provides users with a beautiful and practical South American style landscape fish tank through the selection of landscaping materials, ultra-clear and transparent glass, integrated fish tank light design and efficient silent filter. Whether it is the diversity of landscaping, the clarity of glass, the adjustability of lighting, or the versatility of filters, the yee landscape aquarium performs well and is an ideal choice for fish lovers. Selected fish tank landscaping materials First of all, in terms of landscaping materials, Yee Landscape aquarium has carefully prepared suitable materials for you. Specifically, there are not only high-quality driftwood, iron leave
1800	Small Fish Tank With Filter	https://yeeaquarium.com/product/small-fish-tank-with-filter/	High -definition glass with filtering small fish tank. Strong multi -function filter system. High -efficiency and energy -saving LED light. Convenient hidden feeding mouth.	Yee small fish tank with filter uses high -level floating glass, which provides 360 ° panoramic vision. Equipped with a strong 4 -in -one function filter system and a 750L/h large flow pump to ensure the water quality is clear. Built -in high -efficiency energy -saving LED lights and convenient hidden feeding mouths to meet the needs of viewing and feeding, which is preferred by fish farming enthusiasts. High -definition glass small fish tank with filter The small fish tank with filtering uses a special high -definition floating glass, which is carefully created by the craftsman. It is not only a fish tank, but also a artwork that can bring 360 ° panoramic vision to users. This glass is not 
1791	Small Fish Tank With Light And Filter	https://yeeaquarium.com/product/small-fish-tank-with-light-and-filter/	High -definition glass fish tank. High -efficiency filtering system. Silent water pump design. Professional fish tank light. Duckbill outlet design.	Yee small fish tank with light and filter The YEE small fish tank with light and filter is made of high -definition glass and provides an 8K visual experience. It is built in a large -scale “M” shape of water flow filter to ensure clear water quality. Silent water pump design, no worry at night; professional fish tank lights restore natural color. Duckbill outlet design to simulate natural water flow. The overall design is very good, which is well liked by decorative fish enthusiasts. High -definition glass fish tank The high -definition glass with light transmission with a light transmittance with a light transmittance of Yee and a filter small fish tank can bring the ultimate visual experi
1779	Curved Glass Fish Tank	https://yeeaquarium.com/product/curved-glass-fish-tank/	The fish tank adopts grid pattern heat dissipation vent design. Ultra-clear glass curved fish tank. High-efficiency silent filtration system to comprehensively protect water quality. Top cover design, say goodbye to sultry fog. Hidden feeding port design makes feeding more worry-free. Brand new silent water pump protects a peaceful sleep.	The yee curved glass fish tank adopts a unique grid pattern heat dissipation hole design and ultra-clear glass material, which not only improves the air circulation effect inside and outside the fish tank, but also truly restores the world in the water. The efficient and silent filtration system comprehensively protects water quality and provides a healthy living environment for fish. The grid-like air hole design on the top cover effectively avoids the generation of stuffy mist, while the hidden feeding port design makes feeding more worry-free. In addition, the new silent water pump operates with extremely low sound, providing breeders with a quiet sleeping environment. In short, the yee c
1639	Ultra White Glass Fish Tank Wholesale	https://yeeaquarium.com/product/ultra-white-glass-fish-tank-wholesale/	High-definition and transparent fish tank The difference between ultra-white glass fish tank and ordinary float glass Details of yee ultra-white glass fish tank Fish tanks suitable for multiple scenes	Our yee ultra white glass fish tank supports wholesale and customization services, with low minimum order quantity, affordable price and fast global delivery. For more details, please click here to consult us or click our blog to learn more about aquariums. High-definition and transparent fish tank The core highlight of the yee ultra-white glass small fish tank is the high-definition light-transmitting ultra-white glass used on all four sides. The light transmittance is as high as 92%, comparable to the picture quality of 4K clarity, so that every detail in the fish tank is clearly visible. Every subtle movement of the fish swimming in the water and every color change are perfectly presented
1622	Round Acrylic Fish Tank Wholesale – Yee	https://yeeaquarium.com/product/round-acrylic-fish-tank-wholesale-yee/	PET material, durable and anti-fall High-definition and transparent, 360° circular viewing Built-in large flow filter, excellent water purification efficiency High-brightness clamp light, 360° adjustment, illuminates the aquarium world Silent water pump, efficient circulation	Our yee round acrylic fish tank supports wholesale and customization services, with low minimum order quantity, affordable price and fast global delivery. For more details, please click here to consult us or click here to learn more about aquariums. PET material, durable and anti-fall YEE round acrylic fish tank is made of high-quality PET material, which is not only wear-resistant and anti-fall, but also has excellent durability. Even if it accidentally falls during transportation or installation, it can ensure that the fish tank is intact. At the same time, PET material is not easy to fog, and the interior of the fish tank is always clear and transparent, providing a bright and comfortable
1513	Wholesale 100 Gallon Fish Tank	https://yeeaquarium.com/product/wholesale-100-gallon-fish-tank/	Support wholesale and customized services Automotive grade ultra-clear glass and frameless design Built-in fish toilet Multi-layer filtration system Spiral water discharge setting Integrated time, temperature display and touch-controlled lighting Black, white and blue are three colors to choose from	YEE 100 gallon fish tank provides wholesale and custom services. It has the following features: automotive grade ultra-clear glass, frameless design. Built-in fish toilet, multi-layer filtration system, spiral water setting. Integrated time, temperature display and touch control light. Automotive grade ultra-clear glass and frameless design YEE 100 gallon fish tank uses high-quality automotive grade ultra-clear glass, which has extremely high light transmittance and extremely low reflectivity, and can bring you a 4K-like clear visual experience. The frameless design not only makes the fish tank look more simple and stylish, but also minimizes visual interference. Built-in fish toilet In orde
1501	200 Gallon Fish Tank	https://yeeaquarium.com/product/200-gallon-fish-tank/	Multiple color options Environmentally friendly fish tank cabinet Professional fish tank filtration system The filter chamber adopts a dry-wet separation design Waterproof overflow design Ultra-white glass fish tank Professional fish tank light stand Durable magnesium-aluminum alloy frame Touch screen display	YEE 200-gallon fish tank offers 12 exterior colors to meet personalized choices.The base cabinet is made of environmentally friendly materials to ensure safe and healthy use.Equipped with a professional filtration system to keep the water clear and transparent.Ultra-clear glass is used for a better viewing experience.Equipped with a professional light stand to enhance the lighting effect.Magnesium-aluminum alloy frame, sturdy and durable.Equipped with a touch screen display, easy and intuitive operation. 1. Multiple color options YEE 200 gallon fish tank is available in 12 colors including black, white, and gray.Please consult customers for more colors. 2. Environmentally friendly fish tank 
1481	Big Fish Tank	https://yeeaquarium.com/product/big-fish-tank/	Designed for stream ecology enthusiasts Environmentally friendly fish tank cabinet Professional fish tank filtration system Wave-making water outlet Solid frame and ultra-white glass	The yee big fish tank has a powerful filtration system and a sturdy aluminum alloy stand. Not only can it meet your fish farming needs, but it can also become a landscape addition to your family. Click on Large Fish Tanks for Sale at Factory Price to view more large fish tanks. Or contact us for discounted prices. 1.Designed for stream ecology enthusiasts A high-end large stream aquarium specially designed for friends who like stream tanks. The fish tank cabinet is made of environmentally friendly formaldehyde-free materials, which is safer and more reassuring. The circulation system of this fish tank is more suitable for stream ecological fish tanks. Add surfing function to simulate natural
1402	Wholesale Fish Tank 50 Gallon	https://yeeaquarium.com/product/wholesale-fish-tank-50-gallon/	High-transmittance ultra-clear glass Efficient ecological bottom filtration Double noise reduction technology Oil film removal design All-aluminum alloy frame Double duckbill outlet design	Yee fish tank 50 gallon supports customization and wholesale services . This fish tank is made of high-transmittance ultra-clear glass and German Wacker glue to ensure firmness, stability and clear images. Its efficient ecological bottom filtration system can improve water purification efficiency and cultivate bacteria to keep the water clear. High-transmittance ultra-clear glass Firstly,yee fish tank 50 gallon uses high-transmittance ultra-clear glass to ensure clear and delicate images and smooth feel. The glue is applied by hand by a master with ten years of experience, and German Wacker glue is selected to ensure the firmness and stability of the fish tank. Efficient ecological bottom fi
1434	300 Gallon Fish Tank	https://yeeaquarium.com/product/300-gallon-fish-tank/	Floating cover design Upgraded integrated filtration system Double noise reduction design Automotive grade ultra-clear glass Professional fish toilet Smart touch screen	The YEE 300-gallon fish tank integrates multiple functions. Including a reinforced floating cover. Professional LED submersible light. Large-capacity integrated filtration system. Double noise reduction design. Automotive grade ultra-clear glass. Professional fish toilet and smart touch screen. Floating cover design Firstly, the top of the YEE 300-gallon fish tank is equipped with a reinforced floating cover. This design not only ensures air circulation inside the fish tank, but also effectively prevents stuffiness. It also provides viewers with a wider field of view. In addition, the floating cover also makes it easier to install lights, and the lighting effect is significantly improved. Up
1432	Arowana Fish Tank	https://yeeaquarium.com/product/arowana-fish-tank/	Multiple styles to choose from. Large-capacity filtration system. Reinforced floating cover. Automotive grade ultra-white glass. Double silencer design. Convenient fish toilet design. Aluminum alloy frame fish tank bottom cabinet.	Yee arowana fish tank supports customization and wholesale services. Contact us to get the first order discount! Yee arowana fish tank has a large-capacity bionic filtration system, reinforced floating cover design, automotive-grade ultra-white glass, double silencing technology, convenient fish toilet and aluminum alloy frame bottom cabinet, etc., providing a complete fish farming environment for fish lovers. Multiple styles to choose from Yee arowana fish tank offers 3 styles for you to choose from, including walnut, birch, and agarwood. The upgraded style adds a black square protective suit on the outside. Large-capacity filtration system The filtration system of the Yee arowana fish tank
1391	Fish Tank With Cabinet	https://yeeaquarium.com/product/fish-tank-with-cabinet/	Fish tank with cabinet. The fish tank adopts a detachable design. The fish tank is equipped with a high-efficiency filtration system. Low-noise water pump. yee is a professional aquarium product supplier.	Yee fish tank with cabinet combines elegant design and practical functions. It has innovative features such as a heightened drawer-style wooden box, a detachable design, a high-efficiency filtration system, and a low-noise water pump. This enhances the fish tank’s ornamental and storage functions. It also simplifies the cleaning and maintenance process, ensuring the stability and cleanliness of the water quality. As a professional aquarium product supplier , we sincerely invite you to learn more about the yee cabinet fish tank and enjoy the fun and tranquility of fish farming together. Fish tank with cabinet In order to make the fish tank not only a home for fish, but also a part of home dec
1386	Modern Design Aquarium	https://yeeaquarium.com/product/modern-design-aquarium/	healing landscape super white glass mute filtering natural lighting	Our designers reduced the suspended hill into a miniature landscape and placed it in the modern design aquarium to provide people with a place to relax and help them escape from the complicated and busy life in the city. High-quality resin landscaping The four sides of the modern design aquarium are made of ultra-white glass with a thickness of 5mm and a light transmittance of over 93% . The edges are carefully polished after 45° chamfering, allowing you to enjoy a high-definition view without having to worry about cutting your hands due to the glass. Masters with ten years of experience use German WACKER glue to apply glue manually. The glue strips are even and no leakage occurs. Ultra-quie
608	Small Glass Fish Tank	https://yeeaquarium.com/product/small-glass-fish-tank/	5MM thickened fish tank HD small glass fish tank Finely polished glass fish tank Purely hand-pasted glass	The yee small glass fish tank is made of 5MM thickened glass to ensure stability and durability. More than 91% light transmittance brings a high-definition viewing experience. It is finely polished to present a crystal clear visual effect. It is handmade by a master with more than 15 years of experience and carefully crafted from German WACKER glass glue. Filled with glue, every detail demonstrates ingenuity, making it an ideal choice for fish farming enthusiasts. 5MM thickened fish tank The yee fish tank uses 5MM thickened glass material. This design not only enhances the structural stability of the fish tank, but also greatly reduces the risk of deformation caused by external force or wate
547	Smart Fish Tank Wholesale	https://yeeaquarium.com/product/smart-fish-tank-2/	8K ultra-clear glass fish tank Fish tank with removable modular filter Smart interactive fish tank Four lighting modes to create a variety of atmospheres Silent operation, enjoy a quiet time	Yee smart fish tank , carefully crafted by Yee , uses 8K ultra-clear glass, with detachable modular filters, smart touch screen control, four lighting modes, and silent operation. It brings users a high-definition viewing experience, the convenience of flexible maintenance, the enjoyment of smart technology, and the creation of a diverse atmosphere. It is a perfect fusion of modern technology and natural viewing. 8K ultra-clear glass fish tank Yee smart fish tank is carefully crafted with 8K ultra-clear glass with a light transmittance of up to 94%. This glass not only ensures the ultimate visual clarity, but also makes users feel as if they are in the water, and have a close interaction wit
541	Smart Fish Tank	https://yeeaquarium.com/product/smart-fish-tank/	Automatic feeding on time, no need to charge. The aroma is released within 1 second. 4k level high definition appearance. High-efficiency silent filtration, reducing the frequency of water changes.	Yee is a well-known wholesale supplier of aquarium supplies and smart fish tanks in China. We support wholesale and customized services, with low minimum order quantity, affordable prices and fast global delivery. Big brands are more trustworthy. Our YEE smart fish tank perfectly combines the three core advantages of automatic feeding, aromatherapy spray system and water-free filter, solving the troubles of traditional fish tanks such as feeding, water change and odor. It opens a new chapter of smart fish farming for you. Fish tank with automatic feeding function The automatic feeding system of the YEE smart fish tank is the crystallization of technology and care. It allows you to flexibly s
538	Desktop Fish Tank	https://yeeaquarium.com/product/desktop-fish-tank/	High-definition glass desktop fish tank High-efficiency filtration system Professional fish tank lamp Solid structure, handmade Safety protection, thoughtful design High-quality decoration, safe and non-toxic	Yee desktop fish tank has three themes: duck beach vacation, underwater world, and forest geometry. It combines 4K high-gloss transparent glass and 12-color high-definition glass printing technology to bring users an immersive visual enjoyment. The built-in waterfall filter of the desktop fish tank is not only efficient, but also reduces noise and water change frequency, while the dedicated fish tank light simulates the natural spectrum and provides soft light. German WACKER glue and hand-bonding technology ensure that the fish tank is sturdy and durable, and the filter protection net effectively prevents fish from accidentally inhaling. In addition, high-quality non-toxic decorations add pe
438	Large Fish Tank	https://yeeaquarium.com/product/large-fish-tank/	93% light transmittance ultra-white glass Magnesium-aluminum alloy frame large fish tank equipped with Efficient ecological filter Dry-wet separation rain shower design Two silent devices Double water outlet Purely hand-applied glue	The yee large fish tank is made of 10MM thickened ultra-white glass with a light transmittance of 93%. The bottom cabinet is made of thickened titanium-magnesium alloy, with a sturdy and stable structure and waterproof and moisture-proof. The efficient ecological filter adopts a semi-transparent black glass shell to provide an ideal environment for the reproduction of nitrate bacteria. The filter adopts a dry-wet separation rain shower design to avoid secondary pollution of water and increase oxygen in the water. Equipped with an ultra-quiet water pump and a strong suction cup to provide a quiet use experience. The double water outlet design increases water flow and removes oil film. The pur
434	Back Filter Betta Fish Tank	https://yeeaquarium.com/product/yee-back-filter-betta-fish-tank/	Golden aspect ratio betta fish tank Betta fish tank with two-way circulation filtration system Ultra-white glass betta fish tank High-brightness atmosphere light	YEE back filter betta fish tank provides wholesale and customization services. We offer aquarium supplies with low minimum order quantity and affordable prices. Read the article to learn how to choose the right betta fish tank size . Golden aspect ratio betta fish tank First of all, the unique 1:1.2 golden ratio design achieves multiple goals at one stroke. First, it optimizes the viewing angle and makes it more beautiful. Second, it ensures that the betta fish has enough free space to move around freely. In a comfortable environment, the betta fish can show the most natural posture. Third, the innovative partition design can accommodate up to five independent betta fish tanks, effectively p
432	Ecological Turtle Tank	https://yeeaquarium.com/product/ecological-turtle-tank-yee/	8K ultra-clear glass, enjoy high-definition viewing 6mm thickened glass, sturdy and durable Masters with ten years of experience manually apply glue, worry-free sealing Amphibious design, adaptable to a variety of scenarios The top flip design makes feeding and interaction more convenient Reserved wiring groove, beautiful and no pressure	The yee ecological turtle tank is carefully crafted by yee , using 8K ultra-clear glass and 6mm thickened design. This design provides ultra-clear viewing and stable protection for the ecological turtle tank. Its large space and amphibious design meet the diverse life needs of pet turtles. The top flip-top design facilitates feeding and interaction, and the reserved wiring groove makes the environment cleaner. The yee ecological turtle tank is the perfect habitat for your pet turtle 8K ultra-clear glass, enjoy high-definition viewing above all ,Yee Ecological Turtle Tank uses top-grade 8K ultra-clear glass with a light transmittance of up to 93%. This high light transmittance provides a brig
430	Small Planted Tank	https://yeeaquarium.com/product/small-planted-tank/	High-definition vision, all in Yee small aquatic plant tank Black glue, showing high-end texture Purely hand-painted, details determine quality Finely polished, the edges and corners are as smooth as a mirror Thickened explosion-proof glass, safer and more reliable	Yee small planted tank uses 87% high-definition glass with black special glue. It is handmade by a master with fifteen years of experience. The edges and corners are finely polished and smooth. It is matched with a 5mm thickened explosion-proof design. It is both beautiful and safe, and perfectly presents every detail of the aquatic plant tank. High-definition vision small planted tank, all in Yee small aquatic plant tank Yee small planted tank uses 87% high-definition glass with a light transmittance, so that every touch of green is clearly presented. In addition, this glass not only has good light transmittance, but also can perfectly show every detail in the aquatic plant tank. View more 
428	Yee Wholesale Silent Oxygen Pump	https://yeeaquarium.com/product/yee-wholesale-silent-oxygen-pump/	ABS thickened shell Professional all-copper design Suspended motor silent technology Shockproof foot pads to buffer vibration	Silent Aquarium Air Pump ABS thickened shell Professional all-copper design Suspended motor silent technology Shockproof foot pads to buffer vibration
425	Back Filter Fish Tank	https://yeeaquarium.com/product/back-filter-fish-tank/	Fish tank with sliding dust cover Fish tank filtration system adopts dry-wet separation design Arc-shaped water flow design filter box Double drain outlet Ultra-white glass fish tank Aquarium with aluminum alloy LED lights	Yee is a well-known wholesale supplier of fish tan k supplies and back filter fish tank with back filters in China. Its high-quality products and services are deeply loved by customers. Let’s take a closer look at the features and advantages of Yee aquariums. back filter fish tank with sliding dust cover First of all, the yee aquarium R&D team innovatively launched a fish tank with a sliding dust cover. This design not only effectively prevents dust from falling into the water, but also facilitates daily feeding operations. It allows you to enjoy the fun of fish farming without worrying about tedious daily maintenance. Fish tank filtration system adopts dry-wet separation design Next, we hav
423	Super White Betta Fish Tank	https://yeeaquarium.com/product/super-white-betta-fish-tank/	High-transmittance glass, restore true colors. 360° panoramic view, enjoy the beauty of the fish tank. Tailor-made, optimized space utilization. 5mm high-quality glass, sturdy and durable. The truth is in the details.	Yee Super White Betta Fish Tank uses high light transmittance glass to restore the true color of Betta fish. It also provides a 360° panoramic view, allowing viewers to fully appreciate the beauty of the fish tank. Its tailor-made size and space optimization design are more suitable for the body shape and swimming habits of Betta fish. In addition, the 5mm high-quality glass has many thoughtful details, which all demonstrate the Yee brand’s pursuit of quality. In short, the Yee Super White Betta Fish Tank is an excellent product that combines beauty, practicality and quality. High-transmittance glass, restore true colors The craftsmen carefully crafted the yee fish tank, which uses glass wit
421	Internal Aquarium Filter Wholesale	https://yeeaquarium.com/product/internal-aquarium-filter-wholesale/	Small size filter Three-sided surround water inlet, efficient filtration Dual water outlet modes to meet different needs 3-in-1 function, comprehensive care Add a grid baffle to effectively prevent the filter pump from clogging High-speed silent motor, and you can sleep peacefully	Yee internal aquarium filter achieves efficient filtration in limited fish tank space. Three-sided surround water inlet, efficient filtration. Dual water outlet modes to meet different needs. And it integrates multiple functions such as filtration, wave making and increased air intake. Please contact professional filter manufacturer-yee to get a first-order discount! Small size filter Yee Internal Aquarium Filter has two sizes of 12cm and 14cm. This filter is almost the same as the 14.6cm length of the iPhone 12 mobile phone on the market, but it can easily meet the filtration needs of various small fish tanks. Three-sided surround water inlet, efficient filtration With a three-sided surroun
419	Betta Fish Tank With Filter	https://yeeaquarium.com/product/betta-fish-tank-with-filter/	High-definition ultra-white betta fish tank with filter Professional-grade LED fish tank light Fish tank built-in hanging filter High-quality resin decorations Humanized design, safe and convenient Widely applicable to various scenarios, adding interest to life	Yee betta fish tank with filter is not only a tool for fish farming, but also a highlight of home decoration. It integrates high-definition ultra-white glass with exquisite design, providing a comfortable home for fish, and also adding a touch of vitality to your living space. High-definition ultra-white betta fish tank with filter This betta fish tank with filter uses high-definition ultra-white glass with a light transmittance of up to 92%. Therefore, you can clearly see the fish’s every move, as if they are swimming right in front of your eyes. This excellent light transmittance allows you to enjoy watching fish at any time. Professional-grade LED fish tank light We have equipped the yee 
417	Living Room Fish Tank	https://yeeaquarium.com/product/living-room-fish-tank/	High-definition glass living room fish tank Living room fish tank with high-efficiency filtration and silent water pump Diverse lighting and atmosphere creation Modular design and convenient maintenance Fashionable colors and home matching Compact size and space saving	Yee designs living room fish tank specifically for you who pursue high-quality aquarium life. We offer ultra-low order quantity, affordable price, and personalized customization service. Each fish tank is directly supplied by professional aquarium wholesale suppliers, with excellent quality and trustworthy. High-definition glass living room fish tank Yee living room fish tank uses 4K grade high-transmittance ultra-white glass, which is almost colorless. This glass makes the vision very clear, like a painting. This perfectly showcases the beauty of the fish. Living room fish tank with high-efficiency filtration and silent water pump The yee fish tank is equipped with an efficient side filtrat
414	Curved Fish Tank	https://yeeaquarium.com/product/curved-fish-tank/	Double-sided arc design fish tank. Curved fish tank selected high quality glass German Wacker glue, stable connection without worries. 91% ultra-clear light transmission, beauty is within reach.	The yee curved fish tan k uses ultra-clear glass with a light transmittance of up to 91%, ensuring clarity and realism when viewing. Not only that, it also uses German Wacker’s special aquarium glue for gluing to ensure the stability and safety of the fish tank structure. Furthermore, the fish tank adopts a unique double-sided arc design, which is not only beautiful, but also improves the safety of use. It is these characteristics that make the yee curved fish tank show excellent quality in terms of visual enjoyment and structural stability. Double-sided arc design fish tank The fish tank adopts advanced hot bending technology to achieve a double-sided arc design. This design is not only bea
412	Desktop Saltwater Fish Tank	https://yeeaquarium.com/product/saltwater-fish-tank/	Advanced filtration system. Innovative water outlet. Adjustable sand baffle. Thoughtful design details. Water level monitoring design.	The yee saltwater fish tank is a fish tank that combines the versatility of freshwater and saltwater. It is cleverly designed to seamlessly adapt to a variety of aquatic environments. The frameless glass design brings players the ultimate visual experience.View more rimless fish tank . Saltwater fish tank with advanced filtration system This fish tank cleverly integrates an extra-large filter chamber with a capacity of up to 7200 cubic centimeters. For saltwater aquariums, you can easily add advanced protein skimmers and biofilter bags to the filter chamber to meet stringent filtration requirements. For freshwater environments, you can simply replace it with a traditional filter sponge. In a
408	Low Iron Glass Fish Tank With Black Background	https://yeeaquarium.com/product/fish-tank-with-black-background/	The fish tank comes with a black background. High-definition vision and fine craftsmanship. Professional glue, firm and durable.	The yee black background fish tank comes with a mysterious black background, combined with a 4K-level ultra-clear vision, so that every viewing is like being in the South American rainforest. Fine mirror edging and German Wacker aquarium glue ensure that the fish tank is both beautiful and durable. Choose the yee black background fish tank and start your mysterious rainforest viewing journey! HD black background fish tank First of all, this fish tank uses 4K-level high-transmittance glass to ensure that you can enjoy a high-definition panoramic view. No matter which corner, you can observe the activities of the fish without dead ends, as if you are in a real rainforest environment. Moreover,
403	Silent Air Pump Fish Tank	https://yeeaquarium.com/product/silent-air-pump-fish-tank/	Adjustable silent air pump fish tank. Low-noise water pump. Fish tank with modular filtration. Ultra-clear glass fish tank. High-brightness LED lamp beads.	The yee silent air pump fish tank uses ultra-clear glass and a modular filtration system, with an adjustable air pump and a low-noise water pump, to provide clear water and a silent environment. At the same time, the bright LED lamp beads show the true colors of the fish, bringing you the ultimate fish farming experience. Adjustable silent air pump fish tank The yee fish tank is equipped with an adjustable silent air pump. Users can easily adjust the air flow by turning the knob, increase oxygen while creating waves, activate the water body, and provide a more comfortable living environment for the fish. Low-noise water pump The running noise of the water pump is less than 30 decibels, and t
169	Small Turtle Tank	https://yeeaquarium.com/product/small-turtle-tank/	Convenient water change, easy management. Diverse functions to meet needs. Spacious space, comfortable and relaxed. Ultra-white glass turtle tank, bright and transparent. Three-layer structure, atmospheric and beautiful. Details show ingenuity	The yee turtle tank adopts a split-type convenient water change design, has multiple functional living areas, spacious interior space, bright and transparent 4K ultra-white glass, three-layer combination structure and many other advantages, as well as many thoughtful details. It provides a warm, comfortable and healthy living environment for turtle lovers. Convenient water change, easy management The yee turtle tank adopts a split design. You only need to gently lift the inner body to achieve convenient water change. In addition, the drain holes are evenly distributed on the partition, so that the turtle feces and food residues can sink smoothly to the water storage tank at the bottom. In th
167	Small Fish Tank With Filter And Light	https://yeeaquarium.com/product/small-fish-tank-with-filter-and-light/	8K high-definition vision, ultra-white glass is crystal clear. Hidden side filter design, significantly improved filtration efficiency. Efficient drain port to keep the water clear and worry-free. Triple circulation filtration to keep the water fresh for a long time. Full-spectrum lamp simulates sunlight, color and safety are equally important.	yee small fish tank with filter and light, with 8K high-definition vision, ultra-white glass, 3D light and shadow atmosphere, high-efficiency filtration, full-spectrum lighting and safe heat dissipation design, creates a clear, bright and colorful living environment for fish, while bringing viewers the ultimate tranquility and visual enjoyment, making the fish farming experience more relaxed and pleasant. small fish tank with filter and light, creating a quiet viewing space We have thoughtfully added 3D light and shadow atmosphere lamp, and the surrounding blue light gently falls, creating a rare quiet atmosphere in the hustle and bustle of the city, making every viewing a pleasure. Full-spe
165	Curved Corner Fish Tank​	https://yeeaquarium.com/product/curved-corner-fish-tank/	High-definition curved corner glass fish tank. Smart touch screen, easy to operate. Smart IC memory, automatic recovery settings. 24-hour cycle timing control, worry-free and labor-saving. Professional-grade filtration system to create a healthy environment. Seven-speed lighting adjustment to meet diverse needs.	The yee curved corner fish tank​ has many advantages, such as smart touch design, high-definition curved corner glass, professional-grade filtration system and seven-speed light adjustment function, providing fish lovers with a convenient, worry-free and beautiful fish farming solution. Whether it is to appreciate the beautiful posture of fish or to maintain the cleanliness and health of the fish tank, the yee rounded corner fish tank can easily cope with it, allowing you to enjoy the fun of fish farming. High-definition curved corner fish tank Yee curved corner fish tank​ uses high-definition rounded glass. This kind of glass not only provides a clear view, but also does not cut your hands.